"Mots";"Occurrence"
"";"146"
"Other input";"1"
"SCP";"1"
"Subshells";"1"
"Diff";"1"
"DocBook";"1"
"Memory";"5"
"Case-sensitive";"1"
"RSA-EXPORT (insecure)[34]";"1"
"Linked Open Data?";"1"
"Membership-only categories";"1"
"HTML catalog";"1"
"IP destination address(es)";"1"
"Compositing";"1"
"ECDH-RSA[81]";"1"
"Customize margins";"1"
"Novial";"5"
"Birth control method";"1"
"user manager";"1"
"Research Guidance";"1"
"GDP(Billions of int$)";"1"
"Statements ratio[41]";"1"
"Datatypes";"1"
"SDP";"1"
"Server side: all free software";"1"
"LDAP integration";"1"
"#";"1"
"Exception handling";"1"
"Windows Media Player";"1"
"*";"1"
"Internal Storage";"1"
"Google Docs";"1"
"Console redirection";"1"
"-";"2"
"Screen mirroring";"1"
"0";"4"
"USAePay";"1"
"Spell checker";"1"
"386BSD";"1"
"Raster/ vector";"1"
"Tested software version";"1"
"RTF scan[30]";"1"
"Codec used to encode the video";"1"
"DVD equivalent";"1"
"RSS enclosure";"1"
"Image enlarge";"1"
"Inbound firewall (ingress)";"1"
"Armour thickness (front/side/top)";"1"
"Arc recognition";"1"
"Link to Product Page";"1"
"Indonesian";"23"
"Purchase platform";"1"
"HCRP";"1"
"SFN";"1"
"Linux Kernel";"1"
"Directory";"1"
"Clock speed";"1"
"Version control system support";"1"
"a";"3"
"b";"2"
"Ace";"1"
"JScript";"1"
"c";"1"
"Mobi- Pocket";"1"
"d";"1"
"Network Name";"1"
"e";"2"
"Sample rate";"3"
"f";"1"
"g";"1"
"h";"2"
"POSIX file permissions";"1"
"i";"2"
"j";"1"
"Rank";"3"
"Intent";"1"
"System V FS";"1"
"k";"2"
"Stored procedures";"1"
"l";"2"
"Scriptable";"1"
"m";"2"
"Native UTF-8 support[Note 1]";"1"
"n";"2"
"o";"2"
"Introduced in";"2"
"p";"2"
"Red";"1"
"r";"1"
"s";"2"
"t";"2"
"Ebike Max Power";"1"
"Latest version (release date)";"1"
"u";"2"
"Other/Notes";"1"
"v";"1"
"CMTP";"1"
"z";"1"
"Download in high definition";"1"
"SCSI";"1"
"WPA2";"2"
"OpenBSD";"2"
"RSS 0.91 Feeds";"1"
"DLNA support";"1"
"<string>.split(separator[, limit]) splits a string on separator, optionally only up to a limited number of substrings";"1"
"A-B repeat";"1"
"BFS";"2"
"NMDC compatible";"1"
"APEv2 tag";"1"
"Remarks";"1"
"Standalone or bundled into a larger toolkit";"1"
"Internet Explorer";"1"
"color management (ICC)";"1"
"Instruction encoding";"1"
"Enable/Disable hyphenation";"1"
"Intel AES-NI";"1"
"Mac OS (X)";"1"
"others";"1"
"Unicode";"2"
"FDPIC ELF binaries (mmu less)";"1"
"FTP upload possible?";"1"
"HTTP";"3"
"Renames or moves";"1"
"Native Anti Hammer - Brute-force attack protection";"1"
"Video";"3"
"Kernel thread support";"1"
"OpenSSL engine";"1"
"Polyline";"1"
"TFVC";"2"
"2009[161]";"1"
"SIT";"1"
"Free disk space";"1"
"Keywords";"1"
"Form";"1"
"Rocket";"1"
"Integrated environment";"1"
"Discontinued date";"1"
"Btrfs";"1"
"Variable frame rate";"1"
"Directory comparison";"1"
"First release";"14"
"Production date";"1"
"Crackle";"1"
"BSDs";"1"
"C++";"5"
"Office suite";"8"
"ã";"1"
"Vibration";"1"
"CMYK";"1"
"XML diff/merge";"1"
"Latest stable release";"24"
"SCTP";"1"
"Organizing principle(s)";"1"
"NMDC Client";"1"
"Queue type";"1"
"Vector graphics editor";"1"
"CBC w/ predictable IVs";"1"
"Production cost";"5"
"Underlying theory (symbolic, connectionist, or hybrid)";"1"
"right(string,n) returns string";"1"
"Pipes";"1"
"Virtual machine";"2"
"ĉ";"1"
"SLD";"1"
"Range (mi)";"2"
"Self extraction";"1"
"SLI";"5"
"Downloadable without paying?";"1"
"Recursive globbing (generating files from any level of subdirectories)";"1"
"Attachments[i]";"1"
"Used by";"1"
"Typical output";"1"
"TCP/IP";"1"
"ĝ";"1"
"Vector combine";"1"
"Windows 10";"1"
"On-demand scan";"10"
"Aim";"1"
"ĥ";"1"
"Variant name";"1"
"ĩ";"1"
"Transpose";"1"
"Made in D";"1"
"Data relay satellites";"1"
"VMAC";"1"
"Indonesian syllabification";"1"
"ĵ";"1"
"Insert/delete bytes";"1"
"Taxation";"1"
"Intended purpose";"1"
"USB 1.1";"1"
"RTL Support[Note 12]";"1"
"CodePress";"1"
"Unlimited BW 16";"1"
"Subscription free electronic program guide (EPG)";"1"
"Checkout by Amazon";"1"
"Usual environment";"1"
"generated diagrams";"1"
"External hard drive support14";"1"
"ŝ";"1"
"Reiser4";"1"
"Transport Layer Security";"1"
"Indexed file search";"1"
"Supports OpenSSH authorized keys";"1"
"BMP";"2"
"Custom functions";"1"
"Date/Time";"1"
"AVI[A]";"1"
"Main user interface type";"1"
"ŭ";"1"
"Seatbelt required";"1"
"Certificate Status Request [173]";"1"
"Peak elevation (ft)";"2"
"Initial public release";"1"
"File Name [D 1]";"1"
"Theme";"1"
"Thrust (Vac.)";"1"
"Animation";"1"
"BND";"1"
"Lieutenant Governor";"1"
"Guest account";"1"
"Estonia";"9"
"CMS extension";"1"
"Clock rate";"1"
"Network protocols";"2"
"Skiable acreage";"2"
"SPD";"1"
"SPC";"1"
"SPF";"1"
"Video interface";"1"
"10 Gigabit Ethernet";"1"
"Hibernation file";"1"
">9 indexable captures";"1"
"Hardware acceleration";"1"
"WMA-DRM";"1"
"Curve1174 [154]";"1"
"Amazon FPS";"1"
"Image Quality";"1"
"Apache Derby";"1"
"Macro protection";"1"
"Automatic heartbeat pings";"1"
"Output size (bits)";"1"
"Runs on Windows?";"2"
"APIs";"3"
"Private repository";"1"
"Redirect TCP/UDP ports (port forwarding)";"1"
"iPod touch/iPhone Firmware up to 1.1.4";"1"
"Android";"33"
"SQL";"1"
"Text user interface";"1"
"grsecurity";"1"
"Openfiler";"1"
"Connectivity";"3"
"Row";"1"
"Purple (DDCD)";"1"
"Preprocessing, Compilation and Packaging";"1"
"NAT[a]";"1"
"Usually invoked";"1"
"Max. memory";"2"
"Afrikaans";"3"
"DVB (T/T2, S/S2, C) tuner support";"1"
"Function";"1"
"RSS 2.0 Feeds";"1"
"Headphone-free sessions";"1"
"Vertical (feet)";"1"
"Specific impulse";"1"
"physical media restore9";"1"
"Vevo";"1"
"ZIP support";"1"
"Release year";"3"
"Security updates (years)";"1"
"Export, portability";"1"
"ECDHE-ECDSA (forward secrecy)[81]";"1"
"XSLT";"1"
"NT 3.x";"1"
"Point";"1"
"Plugin support";"4"
"Shows combined Size of Selected Directories";"1"
"SSL";"2"
"SSO";"1"
"Truncated HMAC [173]";"1"
"Array";"3"
"BitTorrent client";"4"
"Sound Codec";"1"
"Tray notification";"1"
"Search as user types";"1"
"Multi-column mode";"1"
"Offline grow";"1"
"Voice and Data at the same time";"1"
"Edge";"1"
"Frame rate (Hz)";"1"
"Maximum number of SCSI + IDE disks per VM guest";"1"
"GUI based design";"1"
"Tone name";"1"
"Space observatories";"1"
"BSD";"27"
"Comcast Xfinity";"1"
"Bloomberg";"1"
"3.1x";"1"
"SQLite";"3"
"Copy on write";"1"
"XSPF";"1"
"Spline curves";"1"
"Malaysian";"19"
"Color correction";"1"
"Client-side encryption[1]";"1"
"DjVu";"1"
"API (remote management functions)";"1"
"Coda";"1"
"Database backend";"1"
"eDonkey";"1"
"Internal snapshotting / branching";"1"
"Technology Parameter";"1"
"""+"" quantifier";"1"
"Short description";"1"
"SVD";"1"
"MSRP";"1"
"JPEG 2000";"1"
"HD Photo";"1"
"Highlight";"2"
"SVG";"4"
"SVN";"2"
"Desktop support";"1"
"Union";"1"
"Network Compatibility";"1"
"APOP";"1"
"Sweden";"9"
"GUI default is on[t 1]";"1"
"ɔ";"1"
"NT 4.0";"1"
"ə";"1"
"Residents association";"1"
"Functional programming";"1"
"ArXiv";"1"
"Verizon FiOS";"1"
".html";"2"
"2013[165]";"1"
"ɡ";"1"
"SWF";"1"
"Snowfall (in/year)";"1"
"BirdEye";"1"
"KGB";"2"
"ɨ";"1"
"Serverless 6 (decentralized)";"1"
"ClientHello Padding [182]";"1"
"Faceted classification";"1"
"Java generated byte code";"1"
"CAST-256";"1"
"Endnote/Refer/BibIX";"2"
"Subversion";"2"
"Multi-tracker index";"1"
"Maximum host memory";"1"
"Mapper";"1"
"Passive DCC";"2"
"Search";"4"
"EditArea";"1"
"Slovenia";"9"
"HDR format";"1"
"MXP[22]";"1"
"Object-oriented";"3"
"In orbit";"1"
"Book file search";"1"
"Moldova";"2"
"iCab";"9"
"Watch ESPN";"1"
"DVD+R/RW";"1"
"Full duplex transfer";"2"
"Pedigree view";"1"
"secp256r1 prime256v1 NIST P-256 (23)[81]";"1"
"other special file system features";"1"
"Italian";"2"
"Audit API";"1"
"Checksum/ ECC";"1"
"Vimeo";"1"
"Still Supported";"1"
"Integration with Add-on Components or Products";"1"
"Extensions";"1"
"Variable bit rate audio";"1"
"Save searches [D 6]";"1"
"Intel SHA";"1"
"Second Screen";"1"
"sort (schemes)";"1"
"Circle recognition";"1"
"Cue sheet";"1"
"# dimension members";"1"
"Others";"9"
"Intrusion Detection System (IDS)[b]";"1"
"Intel SGX";"1"
"OS/2 & eCS";"1"
"Purpose";"2"
"Resumable downloads";"1"
"Palm OS";"1"
"Provider";"2"
"Network storage";"2"
"Movie mode";"1"
"Alpha";"1"
"BZR";"1"
"Protocol support";"1"
"Text Recognition (OCR)";"1"
"Two-factor authentication";"1"
"2016[168]";"1"
"Support";"10"
"Greece";"9"
"XPath search";"1"
"Network";"2"
"Under active development";"1"
"Super-seeding";"2"
"Boolean";"1"
"Product import-export";"1"
"Peer exchange";"2"
"HTTP Tunnel";"1"
"Propellant";"2"
"Image support";"1"
"Offline";"1"
"Grouping";"1"
"Presentation Software";"1"
"Object reference";"1"
"Latest release date";"8"
"Touch screen";"2"
"Warhead/payload[clarification needed]";"1"
"Transactions";"1"
"Attribute-Based Access Control (ABAC)";"1"
"Embedded code";"1"
"Browser support";"1"
"MacOS";"2"
"Successors";"1"
"FreeBSD";"5"
"Martian missions";"1"
"Yang departing 陽去(7)";"1"
"Tizen";"17"
"M511 Curve511187 [154]";"1"
"Popular products";"1"
"Automated commercial skipping";"1"
"SDK?";"1"
"Exposure correction";"1"
"IntelliJ IDEA";"1"
"Current stable version";"3"
"Free software[note 3]";"3"
"Alternate data streams";"1"
"Names";"1"
"Redirect IP addresses (forwarding)";"1"
"find_character(string,char) returns integer";"1"
"POSIX attributes";"1"
"Fat binaries";"1"
"Modulation";"1"
"Flow-control framework";"1"
"Floating-point";"2"
"Export";"1"
"uai";"1"
"Related/synonym tags";"1"
"Writes/Burns?";"1"
".rtf";"2"
"uan";"1"
"Ember.js";"1"
"Builders: Java";"1"
"Controller";"1"
"Firewall";"13"
"sRGB";"1"
"Horizontal / vertical";"1"
"Network requirements";"1"
"Type";"19"
"Sensitivity";"1"
"Rendering";"1"
"Entries (approx.)";"2"
"Button for Page-turn";"1"
"Key and target markets";"2"
"Registration pins";"1"
"Extract Playlists";"1"
"Campaign site";"1"
"Satellite navigation system";"1"
"TAR";"2"
"KPI";"1"
"E222 [154]";"1"
"Neighborhood association";"1"
"Persistent Cache";"1"
"Mirror search";"1"
"Runs on Linux";"1"
"Dictionary offline";"1"
"Input";"1"
"Multiple skins";"1"
"Manufacturer";"8"
"Encore Play";"1"
"Insert hyperlink [unclear]";"1"
"Snapshots per VM";"1"
"Scrollback";"1"
"Single sign-on";"1"
"IrDA";"1"
"CAB";"2"
"Tab completion";"1"
"Sun Java System Instant Messaging Server";"1"
"NE2000/RTL8029";"1"
"Latest stable release date";"4"
"DxO score";"1"
"HUNK";"1"
"Highlander";"2"
"R-/R+ tree";"1"
"RAID";"2"
"micro SDHC";"1"
"CPU scavenging";"1"
"Indexed full-text search";"1"
"Database tables";"1"
"AmigaOS (68k)";"1"
"NAT traversal";"1"
"End year";"1"
"Runs on macOS Catalina";"2"
"Resolution";"2"
"Development active";"4"
"TCP";"2"
"Message filtration";"1"
"Report date";"1"
"Chipset";"6"
"MINIX fs";"1"
"H.264";"1"
"HMAC";"1"
"Latest stable version";"27"
"Cost";"11"
"Python3x support";"1"
"Update HTML***";"1"
"Installed Size (MB)";"1"
"CBR";"2"
"Curve recognition";"1"
"Printing-friendly";"1"
"Special features";"1"
"Copy Content to iPod";"1"
"Creation platform[4]";"1"
"Value prompt";"1"
"Windows 9x";"1"
"Multiversion concurrency control";"1"
"TDP";"1"
"OS support";"1"
"Navigation";"1"
"Journal Impact Factor*";"1"
"TCP/UDP connections as streams";"1"
"Can be used in proprietary apps";"1"
"Client-Specific";"1"
"m68k[118]";"1"
"Windowing Functions";"1"
"Shows S.M.A.R.T. attributes";"1"
"Shibboleth";"1"
"Date";"3"
"Presentational markup[4]";"1"
"Digital subchannels";"1"
"TEA";"1"
"jQuery";"1"
"ODF version attribute in exported file office:version=""1.X""";"1"
"Web pages";"1"
"First Release Date";"1"
"Typical input";"1"
"Wiki";"1"
"SPARC SMP";"1"
"Input method";"1"
"Product rating";"1"
"Custom fields";"1"
"GStreamer";"1"
"Java Generics";"1"
"PayPal Payflow Pro";"1"
"tsʰ";"1"
"Ajax use";"1"
"Wildcard";"1"
"Favorites / Bookmark";"1"
"NNTP";"1"
"Data inspector";"1"
"Registered users";"1"
"QED (QEMU)";"1"
"Encryption supported";"2"
"Determinacy checker";"1"
"Academic/noncommercial use is free";"1"
"Specific impulse (Vac.)";"1"
"TGA";"1"
"Line";"1"
"WebUI";"1"
"Fading edge";"1"
"Web browser";"5"
"Disassembler";"1"
"Frequency utilization/Call density";"1"
"Movies Anywhere";"1"
"Auto Discovery";"1"
"Compilers";"1"
"PDF annotate and save [unclear]";"1"
"/dev/crypto";"1"
"Set";"1"
"Me, 98";"1"
"MXF[B]";"1"
"Windows (PowerShell)";"1"
"Sling TV [8]";"1"
"Tiger";"1"
"Standard APIs";"1"
"sect193r1 (4)[81]";"1"
"Data Source / Infeed Functionality";"1"
"DRM support";"3"
"Plugin, extendable";"1"
"Blue";"1"
"Supported languages";"1"
"Screen pixels";"2"
"Internal state size[note 1]";"1"
"Arch";"2"
"Add new column";"1"
"BeFS";"1"
"Debian approval [42][43]";"1"
"SATA Ports";"1"
"Canada Post";"3"
"TX Power";"1"
"C++ generated code (x86)";"1"
"ePub";"2"
"Unlimited MB plan4";"1"
"Change value";"1"
"RFC 6352 CardDAV vCard";"1"
"Native code";"1"
"Packet capture";"1"
"Open file support";"1"
"Browser downloading";"1"
"Tell friends";"1"
"Go to";"1"
"CHM";"1"
"String table";"1"
"Branch evaluation";"1"
"Language(s)";"7"
"Regex";"1"
"List";"2"
"Bookmarklet";"1"
"D/WM";"1"
"Australia Post";"3"
"exFAT";"2"
"Showtime Anytime";"1"
"HTML parsing[1]";"1"
"Dimensions (mm × mm)";"1"
"Multilingual";"3"
"Browsers";"1"
"Filename casing";"1"
"Available as a browser extension";"1"
"Poly1305";"1"
"Latency";"3"
"Limit on IA-32";"1"
"XTEA";"1"
"Linux";"64"
"Model[16]";"1"
"Comic book";"1"
"Purolator";"1"
"Example usage";"1"
"2002[154]";"1"
"Free Spyware-Adware";"1"
"URL hyperlinking";"1"
"FOSS";"17"
"JSON";"1"
"Configurable";"1"
"AirPort Extreme";"1"
"Memory Max";"1"
"Sandbox";"2"
"Resort name";"1"
"Conditionals";"1"
"Eigenvalues";"1"
"OS 9";"1"
"OS 8";"1"
"TLS";"3"
"SMIL";"1"
"Oracle";"3"
"Cache L1";"1"
"join(separator, list_of_strings) returns a list of strings joined with a separator";"1"
"Cache L2";"1"
"Cache L3";"1"
"Run unprivileged4";"1"
"Batch file sharing";"1"
"CAM support";"1"
"FairPlay";"1"
"PSK[95]";"1"
"One-to-many routing 4";"1"
"Wiki pages";"1"
"Amiga FFS";"1"
"Panel for window switching";"1"
"Regular expressions";"1"
"Fuzzy logic [D 5]";"1"
"DivX / Xvid";"1"
"MOLAP";"1"
"File repairing";"1"
"Font ID & replace";"1"
"Maximum Fragment Length [173]";"1"
"CLI";"10"
"Operating System Support";"1"
"Missile mass";"1"
"Unicode Support";"1"
"U.S. equivalents";"1"
"x86 SMP";"1"
"Attaching Emails to Business Objects";"1"
"Access permissions";"1"
"Automatic Update";"1"
"TLS 1.0[32]";"1"
"Change rules without requiring restart?";"1"
"Approximate number of packages";"1"
"Adjustment";"1"
"ARMv8-A";"1"
"Bloom filter";"1"
"hosted mode";"1"
"a.out";"1"
"Validation of simple new document[5][6]";"1"
"HTML editor";"1"
"secp224k1 (20)[81]";"1"
"BitKeeper";"1"
"Asian First";"1"
"Default installer";"2"
"DHT [Note 3]";"1"
"OS X";"8"
"total # of formats";"1"
"Transactional";"1"
"Reordering";"1"
"Modification";"1"
"Metadata-only journaling";"1"
"Latest version/release + date";"1"
"TV tuner, video editing, or webcam";"1"
"Native APIs[t 2]";"1"
"CRC32c";"1"
"AVI[a]";"2"
"MMCP[24]";"1"
"FXP (Site2site transfer)";"1"
"Author/Developer";"1"
"TPM";"1"
"Stream purchases";"1"
"Min DATE value";"1"
"Flash viewer";"1"
"Monitor mode";"3"
"Acorn ADFS";"1"
"Ancestor pedigree reports";"1"
"Maximum number of logical CPU per VM guest";"1"
"Browser plugin";"1"
"Patented";"1"
"Word .doc";"1"
"Variable file block size[ch]";"1"
"Latest Stable Release";"1"
"LAB";"1"
"Energy Star EZ GPO[5]";"1"
"Redundancy Granularity";"1"
"Spain";"9"
"Barack Obama";"1"
"Next-previous product links";"1"
"In-app Epub import";"1"
"search (criteria)";"1"
"First aid required";"1"
"Boot-time scans";"1"
"Expression";"2"
"Memory management";"1"
"Text and paragraph formatting";"1"
"LAN";"8"
"Autorouter";"1"
"USB 2.0";"1"
"Plug-in support[18]";"1"
"Extension method";"1"
"x86-64";"2"
"CPT";"1"
"Outline bulleting with indent";"1"
"CPU";"2"
"Mapping";"1"
"Background noise";"1"
"Result";"1"
"Returns";"2"
"IRC Bot";"1"
"Supported platforms";"1"
"Swap space";"1"
"BeOS";"1"
"Burn time";"1"
"Supported architecture";"1"
"DHT [Note 6]";"1"
"QTFF[37]";"3"
"Announce";"1"
"jabberd14";"2"
"Video battery life (hr)";"1"
"LCD";"1"
"LCC";"1"
"Distribution model";"1"
"Export to Mobile";"1"
"hvordan manden,";"1"
"Price";"16"
"CRC";"1"
"Value";"13"
"Export universal DXF";"1"
"CRL";"2"
"Parallel Query";"1"
"CRM";"1"
"Launch price (USD)";"1"
"STD-notification";"1"
"CRT";"1"
"IBCS2 systems";"1"
"Approximate number of pre-compiled packages";"1"
".5";"4"
"Open-Source License?";"1"
"Other software";"7"
"Difficulty of repair";"5"
"CSA";"1"
"SMP support";"4"
"ISO/CD Image";"2"
"PCB Size";"1"
"Grayscale";"1"
"HMAC-MD5";"1"
"Chernobyl";"1"
"Collaborative software";"2"
"HyperTransport (MHz)";"1"
"Cloud synchronisation";"1"
"Camry";"1"
"SLoC";"1"
"Gesture command";"1"
"News Filtering";"1"
"KRB5[97]";"1"
"Afrikaans meaning";"1"
"small-sized content";"1"
"Editions";"3"
"Norway";"9"
"Secondary separator-terminator[1]";"1"
"Resume";"2"
"Word Online";"1"
"Themeable";"1"
"Owner";"2"
"Booleans";"1"
"Languages";"35"
"iPod touch/iPhone FW 5.0.x";"1"
"Spacecraft involved";"1"
"Extracts?";"1"
"CUE";"1"
"DH-ANON[34] (insecure)";"1"
"Hidden containers";"1"
"Contract support offered";"1"
"Ogg Vorbis";"2"
"Archive ability";"1"
"Used in";"1"
"MooTools";"1"
"Kernel name";"6"
"ULTRIX";"1"
"User-replaceable HDD/SSD?";"1"
"Allocate-on-flush";"1"
"Parser";"1"
"Portable";"4"
"KHTML";"18"
"File Contents [D 2]";"1"
"Remote IR receiver";"1"
"Public key cryptography";"1"
"Usage Based Optimizations";"1"
"MySQL versions";"1"
"MIPMAP generation";"1"
"Inventory";"1"
"Key";"1"
"Brand/common name";"1"
"File save/export/import formats";"1"
"CVS";"4"
"Shared folders";"1"
"M383 [154]";"1"
"User-specified maximum download speed";"1"
"Page Turn Effects";"1"
"Static code analysis";"4"
"Web application framework";"1"
"Bit rate";"2"
"Line-in recording";"1"
"Spell check";"1"
"SEED";"1"
"Layers";"2"
"Pattern matching (filename globbing)";"1"
"IDE Channels (2 Devices/Channel)";"1"
"Python2x support";"1"
"2005[157]";"1"
"RFC 2617 HTTP auth.";"1"
"Non-laboratory usages";"1"
"Twofish";"1"
"Product line";"1"
"WOLF[h 1]";"1"
"SMTP";"1"
"Microsoft Windows";"4"
"Contacts";"1"
"QCOW2 (QEMU)";"1"
"Secure Renegotiation [172]";"1"
"Microsoft Windows Storage Server[1]";"1"
"Dictionary online";"1"
"Open eBook[h 2]";"1"
"Detect conflict";"2"
"RSS 2.0";"1"
"Viewer";"1"
"Memcached server";"1"
"PubMed";"2"
"Iceland";"9"
"Non-greedy quantifiers [Note 1]";"1"
"AV Comparatives";"1"
"Web Interface";"1"
"Last";"1"
"ER diagram groupboxes";"1"
"Search & replace on variable substitutions";"1"
"PKIX path validation[107]";"1"
"Bus speed";"1"
"User selectable themes";"1"
"Standardized?";"2"
"First";"1"
"Server location(s)10";"1"
"Polygon";"1"
"Custom authentication";"1"
"FireWire (IEEE1394)";"2"
"Web host";"1"
"Supports IPv6";"1"
"OCSP[109]";"1"
"Program";"8"
"Architecture";"6"
"Asynchronous message relaying";"1"
"Restricted facets";"1"
"XML for Analysis";"1"
"RSBAC";"1"
"Oxidiser:fuel ratio";"2"
"Automatic Author Disambiguation";"1"
"Maintained?";"1"
"Expansion slots";"1"
"Auto updates";"2"
"Protocols, based on, compatible with";"2"
"Lookup Wikipedia";"1"
"Guest OS";"1"
"Protocol test report";"1"
"Full-featured free trial period";"1"
"GOST R 34.11-94[82]";"1"
"Lifts";"1"
"Web hosting";"1"
"Runs arbitrary OS";"1"
"Ability to centrally manage all firewalls together";"1"
"zoom (styles)";"1"
"No OS (bare metal)";"1"
"Handset interoperability";"1"
"User interface";"6"
"Mini cart";"1"
"Antivirus (AV)";"1"
"Command-line interpreter";"1"
"RFC 5397 WebDAV current principal";"1"
"Console";"1"
"Chrome";"1"
"Total lifts";"2"
"SproutCore";"1"
"OS/2";"1"
"For Directories, size column shows:";"1"
"Runs on POSIX style systems?";"2"
"Host CPU";"1"
"M2TS";"3"
"DANE";"1"
"LMP";"1"
"Delta copying (block level transfer)";"1"
"User-created sessions";"1"
"AIFF";"2"
"SNIP and SJR";"1"
"Barclaycard CPI";"1"
"Levels";"1"
"Vault";"1"
"HEIF";"1"
"Private messages";"1"
"Latest version - date (version)";"1"
"Rendezvous dockings in orbit";"1"
"Verify mode";"1"
"Lens interface";"1"
"Creation timestamps";"1"
"Security";"1"
"Maximum video resolution";"2"
"Networking support";"1"
"Lines ratio[42]";"1"
"Metadata[a]";"1"
"Capacity";"2"
"Global File System + Kerberos";"1"
"Cloud hosted Net Drive5";"1"
"Supported data models (conceptual, logical, physical)";"1"
"95";"1"
"Translate";"2"
"Remarks / other features";"1"
"# cubes";"1"
"Governor term limit";"1"
"Stores file owner";"1"
"7z";"2"
"Launch payload";"1"
"Perl";"1"
"Resource limit";"1"
"Free software repositories";"1"
"Announced (date)";"1"
"A/UX";"1"
"Witness to events";"1"
"CP/M";"1"
"Belgium";"9"
"Auto defrag when idle";"1"
"9P";"2"
"WYSIWYG";"1"
"Windows (cmd)";"1"
"LPD";"2"
"Registers (excluding FP/vector)";"1"
"RIPEMD-320";"1"
"GIS software";"1"
"Roaming";"1"
"iBroadcast";"1"
"LDAP support";"1"
"Included Software";"1"
"Invoicing";"1"
"Complex";"1"
"Descriptions";"1"
"Chat";"1"
"SciFinder";"1"
"Adult weekend lift ticket window price (USD)";"1"
"LZJB";"1"
"Untrusted script blocking";"1"
"Ogg Theora";"1"
"Stream redirection";"1"
"Instances";"37"
"Graphics";"2"
"DAR";"2"
"Textual editor?";"1"
"Android App";"1"
"First public version (date)";"1"
"Native operating systems";"1"
"Host OS";"2"
"Tax";"1"
"Cursor";"1"
"Autocomplete using schema";"1"
"SD card slot";"1"
"M3U";"1"
"Spare bulb required";"1"
"LRW";"1"
"Ontology/Ontologies Supported";"1"
"UDF";"5"
"Multiple Devices";"1"
"Webix";"1"
"M4A";"1"
"Client";"28"
"Server name";"1"
"UDP";"1"
"Swedish meaning";"1"
"DCC";"2"
"DVD-R/RW DL";"1"
"SEND";"2"
"Interlingua (Latin-like word order)";"1"
"Pump type";"5"
"BibTeX";"2"
"Tcl";"1"
"hppa[115]";"1"
"Ink-pen input";"1"
"Aperture size";"1"
"DDC";"1"
"List view";"1"
"Category";"2"
"Full SSN required?";"1"
"RAF Fujifilm";"1"
"Find in files";"1"
"Default Task";"36"
"Current Stable Version";"1"
"Initial release";"1"
"Source";"1"
"Creator-maintainer";"1"
"RFC 7529 iCal RSCALE";"1"
"Docker Image";"1"
"Column";"1"
"Media Extenders";"1"
"Slovakia";"9"
"3GP, 3G2";"2"
"Supported executable";"1"
"DEB";"1"
"SVR4";"1"
"Table inheritance";"1"
"UFS";"2"
"Offline methods";"1"
"LV2";"1"
"Service";"2"
"Primary Purpose(s)";"1"
"Identity (not inc. alias)";"1"
"DES";"1"
"Free Software";"1"
"Able to cross-compile";"1"
"Latest Stable version / (Date)";"1"
"Prius";"4"
"Predefined tags";"1"
"Apache OpenOffice / LibreOffice";"1"
"First released";"1"
"MDC2";"1"
"Server";"8"
"OSI approval [41]";"1"
"Epub downloading";"1"
"WWE Network";"1"
"Word for Windows";"1"
"Freeware version";"1"
"Max. file size";"1"
"Last release";"1"
"Paging volume key";"1"
"Country and (Argentine provinces)";"1"
"Status";"16"
"Sequential downloading";"1"
"LIVE Medium";"1"
"ECDHE-PSK (forward secrecy)[96]";"1"
"Encrypted file systems";"1"
"Page Preview";"1"
"Speed limit in urban area";"1"
"Proxy server";"3"
"man pages";"1"
"C++ compiler";"1"
"Gzip/Deflate ZIPx";"1"
"Context sensitive help";"1"
"Green Hosting";"1"
"AU";"1"
"Finland";"9"
"3G2";"1"
"C#";"19"
".djvu";"2"
"Free-busy URL";"1"
"CD-R/W";"1"
"BI";"1"
"DHL";"3"
"RFC 2518 WebDAV";"1"
"Planned prod./actual total";"1"
"Remote control via web";"2"
"Annotate";"2"
"Linking";"1"
"DHT";"1"
"Word wrap support";"1"
"Public source code";"1"
"Output";"7"
"Official website";"2"
"smil/smi";"1"
"Super 35?";"1"
"Architecture Support";"1"
"IP SLA Reports";"1"
"Yang rising 陽上(6)";"1"
"3GP";"2"
"Refactoring";"1"
"XPath";"1"
"ZX Spectrum";"1"
"Mac OS classic";"1"
"XDCC";"2"
"Insert table";"1"
"ORF Olympus";"1"
"Functions";"1"
"Mylyn[51]";"1"
"DRM formats supported";"1"
"Audit";"1"
"raw / flat (whole disk)";"1"
"EMCO Software Remote Shutdown[4]";"1"
"Audio";"3"
"ejabberd";"2"
"WebApp";"1"
"Format string syntax";"1"
"LZO";"1"
"Discussions";"1"
"RFC 4709 WebDAV mount";"1"
"Safari";"1"
"SFTP support";"1"
"Ancestor narrative reports";"1"
"XForms";"1"
"Resource access control";"2"
"ɔk";"1"
"ɔm";"1"
"Calendaring software";"1"
"EC";"1"
"RealPix";"1"
"Boots from CD";"1"
"File lock";"1"
"Messaging other users";"1"
"Storage";"3"
"ɕi";"1"
"Interlingua version";"1"
"Windows App";"1"
"slideshow";"1"
"GSVD";"1"
"Chapters";"1"
"Port forwarding";"1"
"iTunes Match";"1"
"Terminal Service Compatibility";"1"
"WFS-T";"1"
"WebM[24]";"3"
"Based on";"13"
"Thesaurus/Controlled Vocabulary Used";"1"
"eval function";"1"
"Prioritization";"2"
"Freehand sketch";"1"
"Message logging";"1"
"Use a db";"1"
"PVCS";"1"
"Native support: floppy capacities 3.5""";"1"
"Personal repository";"1"
"Max row size";"1"
"Books sort";"1"
"DMF";"3"
"2006[158]";"1"
"Vertical drop";"1"
"Host platform";"6"
"GL";"1"
"brainpoolP384r1 (27)[151]";"1"
"FIPS 140-2 validation";"1"
"Weight (excluding auxiliary components)";"1"
"HBO Max";"1"
"GZ";"1"
"Caching";"1"
"riscv";"1"
"Statements";"1"
"brainpoolP512r1 (28)[151]";"1"
"Installable from USB";"1"
"HE";"1"
"Character encodings(ao)";"1"
"Supported guest OS drivers";"1"
"ATI official driver x86";"1"
"Expressions and operators";"1"
"HP";"1"
"BZ/BZ2";"1"
"work at OSI Layer 4 (stateful firewall)";"1"
"Size of media (MB)";"1"
"deduplication";"1"
"Book references";"1"
".cbr";"1"
"Annotations";"1"
"Traffic or bandwidth limit";"1"
"Hash algorithms";"3"
"Pitch control?";"1"
"SNMP";"1"
"UPS";"3"
".cbz";"1"
"Hg";"1"
"Triggers / Alerts";"1"
"DOS";"7"
"SYN flood protection";"1"
"Audible";"1"
"ICCCM/EWMH compliant";"1"
"Prior file versions, revision control";"1"
"TLS 1.3";"1"
"Latest release date and version";"2"
"Separation of duties (RBAC)5";"1"
"Developed or used CDE";"1"
"RFC 6578 WebDAV sync";"1"
"Distribution";"13"
"Last Update";"4"
"Information-level permissions";"1"
"CodeMirror";"1"
"MAS";"1"
"<string>.partition(separator) returns the sub-string before the separator; the separator; then the sub-string after the separator.";"1"
"Camera line";"2"
"File compare";"1"
"BD-R/RE DL";"1"
"Encryption protocols";"1"
"API streaming input-output";"1"
"Scripting";"3"
"Frame rate (reverse)";"1"
"Camera Culling";"1"
"Feature / Framework";"1"
"Home Automation";"1"
"Esperanto";"11"
"Find and replace using RegEx";"1"
"Plugins";"1"
"Customizable workflow";"1"
"Release date";"10"
"Case sensitive";"1"
"under 1%";"1"
"Insert audio";"1"
"brainpoolP256r1 (26)[151]";"1"
"USB";"11"
"Effective megapixels";"1"
"USD";"1"
"Netinstall";"1"
"Program animation?";"1"
"gzip";"1"
"RFC 3744 WebDAV ACL";"1"
"Barclaycard MPI";"1"
"Virtualisation";"1"
"Adobe sRGB";"1"
"Weight (tonnes)";"1"
"Type of Client";"1"
"Support DRM";"1"
"ɔŋ";"1"
"x86";"1"
"eBay order import";"1"
"LE";"1"
"MD2";"1"
"navigation views";"1"
"MD4";"1"
"DRM";"1"
"Other paradigm(s)";"1"
"MD5";"1"
"Source code provided";"1"
"Jobs priority";"1"
"CableCARD support";"1"
"Plant Name";"1"
"LX";"1"
"Glossary, tool tip words";"1"
"Cost (US$)";"1"
"Programming languages";"1"
"Latest edition";"3"
"Trigger";"1"
"HP-UX";"5"
"Mandatory access control";"3"
"IPv6 support";"1"
"JPEG Lossless operations";"1"
"secp160r1 (16)[81]";"1"
"Top elevation (feet)";"1"
"Concept";"1"
"Availability";"1"
"MDX";"1"
"Placeshifting/Spaceshifting";"1"
"Ad-Hoc mode";"2"
"MU";"1"
"Symbian OS";"1"
"NetBSD";"3"
"Input grammar notation";"3"
".chm";"2"
"Citation count";"1"
"MZ";"1"
"Authorize.Net AIM";"1"
"NE";"1"
"Graphical toolkit";"1"
"Number of satellites";"1"
"SOCKS";"2"
"Creator(s)";"1"
"USB 3.0";"1"
"File";"1"
"Enyo";"1"
"Installable live CD/DVD";"1"
"Last Stable Version";"1"
"BD-R/RE";"1"
"Transport-layer load balancer";"1"
"ALGOL 68";"1"
"British English";"1"
"Nero CD image";"1"
"IPv6";"13"
"Macintosh";"3"
"IPv4";"1"
"Card reader slot";"2"
"Windows";"59"
"AROS";"1"
"Common Language Object Model";"1"
"Merge joins";"1"
"REST API";"1"
"Darwin";"1"
"RTAS";"1"
"TIFF";"3"
"OB";"1"
"PureOS";"1"
"CD-Text";"1"
"Ireland";"9"
"OF";"1"
"France";"9"
"Ruby";"1"
"Framework";"3"
"SyFy";"1"
"Unicode (UTF-8)";"1"
"Associative array/Object";"2"
"Related publications";"1"
"OBEX";"1"
"OS";"7"
"Resize image";"1"
"Named capture [Note 3]";"1"
"non-standard calendar in date fields";"1"
"State/province";"1"
"Launch date";"1"
"Fonts";"1"
"MIDI(smf)";"1"
"Vendor";"4"
"AV Test[10]";"1"
"Embedded/Integrated Terminal";"1"
"Person who likes";"1"
"CD equivalent";"1"
"UDF (More Info)";"1"
"PE";"1"
"find(string,substring) returns integer";"1"
"HEVC (H.265)";"1"
"Global File System";"1"
"Day-night mode";"1"
"Private chat";"1"
"Windows Phone";"2"
"MPEG-4";"1"
"Library DRM compatible";"2"
"DVR";"3"
"Object orientation";"1"
"PR";"1"
"qooxdoo";"1"
"3D Capabilities";"1"
"MPEG-1";"1"
"MPEG-2";"1"
"Mobility";"1"
"Svelte";"1"
"Includes Functionality to Match Expertise with Funding Opportunities";"1"
"Auto-reconnect";"1"
"handles home-sets";"1"
"Operating systems";"11"
"Auto Ingest?";"1"
"parameter types extracted";"1"
"markItUp!";"1"
"Online dictionary";"1"
"PEF Pentax";"1"
"Standard or Revision";"1"
"Format name";"1"
"MSSQL";"2"
"Restorable with free software[8]";"1"
"Face Recognition";"1"
"Media Foundation";"1"
"Details";"3"
"Chamber pressure (bar)";"2"
"Individual view";"1"
"Vignetting correction";"1"
"Materialized view";"1"
"Integration, IDEs";"1"
"PC link";"1"
"RM";"1"
"ppc64";"1"
"Current Model?";"1"
"RX";"1"
"ReFS";"3"
"Developer/Owner";"1"
"Project portfolio management";"1"
"Fine-grained locking";"1"
"Year Released";"1"
"Color Quality";"1"
"Browser layout engine";"1"
"2001[153]";"1"
"DXi";"1"
"encryption";"2"
"Series nomenclature";"1"
"SY";"1"
"El Torito";"1"
"Flexmonster";"1"
"Spam protection";"1"
"# measures";"1"
"RSEND";"2"
"TF";"1"
"Default Linux kernel";"1"
"Passphrase strengthening";"1"
"MKV";"3"
"JFFS2";"1"
"Inner selects";"1"
"Other";"36"
"Max range";"1"
"MLA";"1"
"Critique";"1"
"TX";"1"
"System 7 (PPC/68k)";"1"
"Supported file systems";"1"
"Public file hosting8";"1"
"Time stretch";"1"
"Photo";"1"
"Comparative";"1"
"Exposure fusion";"1"
"Plugin/API";"1"
"UI";"1"
"Other technical features";"1"
"UK";"10"
"KaiOS";"1"
"Game media";"1"
"OpenUI5";"1"
"Decayed";"1"
"sect239k1 (8)[81]";"1"
"Execute permission";"1"
"US";"1"
"Supported protocol";"1"
"LASH";"1"
"Resume Download";"1"
"Free";"4"
"Web Clipping";"1"
"MMS";"1"
"Personalized intelligent recording and scheduling[f 1]";"1"
"Fullscreen";"1"
"Resource management";"1"
"Date Statistics Updated";"1"
"Presidential candidate";"1"
"Operator";"2"
"QuickTime";"4"
"AccuRev";"2"
"iPod touch/ iPhone FW 3.0";"1"
"iPod touch/ iPhone FW 3.1";"1"
"Filesystems";"1"
"XMIT";"2"
"POP3 selected by user";"1"
"Social bookmarking";"1"
"Sparse files";"1"
"System";"11"
"Choice Point Elimination";"1"
"Netherlands";"9"
"Shell";"7"
"Google Play Music";"1"
"Text highlighting";"1"
"HDR input (EXR, HDR, Logluv, etc.)";"1"
"JavaScript";"1"
"Call/SMS Filtering";"5"
"JDBC";"1"
"Multi Lingual";"1"
"iPod touch/ iPhone support";"1"
"Antenna";"1"
"Magnet URI";"3"
"Adobe Flex built-in charts";"1"
"Linux-based";"1"
"SRW Samsung";"1"
"Restoration platform[7]";"1"
"Yin level 陰平(1)";"1"
"American English";"1"
"MP4";"3"
"MP3";"4"
"Create database";"1"
"HTML+TIME(+VML)";"1"
"List table content";"1"
"secp224r1 NIST P-244 (21)[81]";"1"
"Width (mm)";"1"
"DSSI";"1"
"Authenticated encryption";"1"
"Target system type";"1"
"Broadcatching (RSS)";"1"
"Extents";"1"
"List tables";"2"
"Tarpit";"2"
"Fast extensions";"1"
"BitTorrent";"1"
"Access Control";"2"
"Max CHAR size";"1"
"ŋ̍";"1"
"Synchronizer";"1"
"Extract DRM-Free Music";"1"
"Negated character classes";"1"
"File browser";"1"
"Log";"1"
"SRP-DSS[94]";"1"
"VBR";"2"
"Definition";"21"
"Auto-scroll";"1"
"ɔ̃";"1"
"irc:// URI scheme";"2"
"Widget toolkit";"2"
"ZK";"1"
"BSD Unix";"1"
"Active; Passive [16]";"1"
"Whirlpool";"1"
"Norwegian meaning";"1"
"NAT traversal [Note 2]";"1"
"Door-to-door capable";"2"
"WebDAV Upload";"1"
"Column view";"1"
"Capacity (GB)[1]";"1"
"Transparency";"1"
"RTMP";"1"
"Allowable characters in directory entries[c]";"1"
"Auto dial/hangup";"1"
"CHAT";"2"
"NEF Nikon";"1"
"Year of introduction";"1"
"Video formats supported";"2"
"Runs";"1"
"MRW";"1"
"Programming (plugin) API language(s)";"1"
"Model (Debut year)";"1"
"Multiple vendor support";"1"
"SSL 2.0 (insecure)[30]";"1"
"Color management";"1"
"Extract DRM-Free Videos";"1"
"NAT traversal [Note 5]";"1"
"Gecko";"34"
"Preload Magnet metadata [Note 3]";"1"
"Other objects";"1"
"FTP support";"1"
"TTS support (read aloud)";"1"
"PowerPC SMP";"1"
"Flat-files";"1"
"Self-extracting";"1"
"Switzerland Liechtenstein";"9"
"Total trails";"2"
"feed URI scheme";"1"
"folders on host";"1"
"LCD size";"1"
"PSK-RSA[95]";"1"
"Common Interference";"1"
"Mandatory argument prompt";"1"
"Table of Contents";"1"
"MTV";"1"
"Code review";"1"
".txt";"2"
"HFS+";"2"
"XMPP";"1"
"Hard drive: partition size max";"1"
"Message board";"1"
"sect571r1 NIST B-571 (14)[81]";"1"
"Source available";"1"
"Selective downloads";"2"
"Methods and properties";"1"
"DHE-DSS (forward secrecy)[34]";"1"
"DANE (DNSSEC)[110]";"1"
"SOAP";"1"
"IA-64";"1"
"Stable release date (YYYY-MM-DD)";"1"
"ECMA-376";"3"
"Armament [ammo (rds.)]";"1"
"Jeg ved,";"1"
"Nearest city";"3"
"Non-free firmware required[note 1]";"1"
"DKIM";"1"
"E382 [154]";"1"
"Watch ABC";"1"
"Russia Belarus";"9"
"Bitmap";"1"
"EFS";"1"
"Skrill";"1"
"Download Podcasts";"1"
"Document comparison";"1"
"Customize text alignment";"2"
"Menu for inserting symbols";"1"
"Lua";"2"
"Perspectives";"1"
"Memory requirements (GB)";"1"
"CommonCrypto";"1"
"Program status";"1"
"Avg annual snowfall (in)";"1"
"Operating system(s)";"2"
"Amount (TBq)";"1"
"Agentless";"1"
"Apache Royale";"1"
"USB support";"4"
"File Transfer";"1"
"SOCT";"1"
"DNG Adobe";"1"
"CPUs";"1"
"Modularity: supports third-party modules to extend functionality?";"1"
"ISO 9660";"6"
"Disable memory execution support";"1"
"Ubuntu Touch";"17"
"Site map, XML";"1"
"ADC client";"4"
"Denmark";"9"
"MXF";"2"
"Shards";"1"
"Last archive timestamps";"1"
"Integrity";"2"
"Schema-IDL?";"1"
"Store";"2"
"replace(string, find, replace) returns string";"1"
"Swedish";"3"
"Data Compression";"1"
"Weight (g)[2]";"1"
"iTunes (Apple TV)";"1"
"SQL support";"1"
"Sync7";"1"
"USB host";"1"
"Graphical installation process";"1"
"Nvidia official driver IA-32";"1"
"RSS 1.0 Feeds";"1"
"Secure Key Management3[1]";"1"
"High court seats";"1"
"Motor";"1"
"Images";"2"
"ai";"1"
"SFTP";"3"
"ak";"1"
"Minimum child age (front seat)";"1"
"am";"1"
"mips[116]";"1"
"ap";"1"
"White (VCD/SVCD)";"1"
"MIDI(xmf)";"1"
"GOST R 34.10-94, 34.10-2001[82]";"1"
"Generation";"1"
"Camera model";"6"
"Rotate & move";"1"
"at";"1"
"au";"1"
"Windows XP";"1"
"Graphical user interface";"1"
"First public release date (YYYY-MM-DD)";"1"
"RTSP";"1"
"IRIX";"2"
"Round Robin";"1"
"compression";"1"
"HSBC API";"1"
"Code refactoring";"1"
"In-line comment";"1"
"ArchitectureOCS";"1"
"Atmos- pheric reentry";"1"
"Tag folding";"1"
"SRP-RSA[94]";"1"
"Broad-catching (RSS)";"1"
"Maker";"3"
"Multi-attribute Hierarchies";"1"
"Amazon Video";"1"
"Code Name";"6"
"secp160r2 (17)[81]";"1"
"Image resize";"1"
"Scheduling";"2"
"Automatic updates";"2"
"Publisher";"3"
"PCMCIA/PC card";"1"
"Source code";"1"
"Orthogonal line detection";"1"
"First published";"3"
"MPEG-4 ASP (MPEG-4 Part 2), i.e. DivX, XviD";"1"
"Defender";"1"
"Scottish Gaelic";"3"
"Reflective";"1"
"Syntax";"6"
"File format";"2"
"Place";"1"
"ELF";"1"
"TI Professional";"1"
"de";"2"
"Tracker";"2"
"Running mate";"1"
"Generalized linear model";"1"
"Speed limit on motorway (km/h)";"1"
"Fields and initialization";"1"
"GIS Capabilities";"1"
"Google Checkout";"1"
"Dataset Name";"36"
"eReader[h 1]";"1"
"Version";"17"
"dz";"1"
"Ethernet MAC source address";"1"
"$/MB plan4";"1"
"Multipolygon";"1"
"FIFA";"2"
"Preprocessing";"37"
"DVD+R/RW DL";"1"
"em";"2"
"Raster shapes";"1"
"VOB";"2"
"GUI builder";"10"
"Yin entering 陰入(4)";"1"
"Latest release[nb 3]";"1"
"Customize spacing: line/paragraph";"1"
"CRL[108]";"1"
"Other Unix";"2"
"POP before SMTP";"1"
"Italy";"9"
"RFC 2616 HTTP/1.1";"1"
"VP9";"1"
"VP8";"1"
"Arithmetic";"1"
"MDK-Editor";"1"
"Internal storage";"1"
"OpenDocument support";"1"
"Screen model";"1"
"OSF/1";"2"
"Misc.";"1"
"MOS/sync";"2"
"Anaerobic digestion";"1"
"Manual pings-pongs";"1"
"sect571k1 NIST K-571 (13)[81]";"1"
"Platform[4]";"3"
"Budget (in millions of US $)";"1"
"Session Ticket [177]";"1"
"UDP tracker";"2"
"Integrated browser";"1"
"Spaceplane";"1"
"aĩ";"1"
"Process substitution";"1"
"Hard real-time support";"1"
"Arbitrary sections";"1"
"Metadata edit";"1"
"Embedded Antispam";"1"
"Use database";"1"
"Nvidia official driver IA-64";"1"
"Can Target:";"1"
"s390";"1"
"Spell checking";"1"
"Original/Primary developer";"4"
"Flight";"1"
"Public chat";"1"
"EPS";"2"
"M221 Curve2213 [154]";"1"
"Initial Release";"1"
"Cache[Note 4]";"1"
"Interoperability with External Systems";"1"
"Function 1";"1"
"Autoscroll by pixel";"1"
"Reproducible builds";"1"
"Authorize.Net SIM";"1"
"RTM build";"3"
"Dimensions (HxWxD)";"1"
"Android[43]";"1"
"Frames";"1"
"Drawing atop text [unclear]";"1"
"Other formats";"1"
"Civic association";"1"
"lower risk";"1"
"FTP over SSH";"1"
"RFC 7540 HTTP/2";"1"
"Desktop publishing software";"5"
"WebKit";"34"
"DCCP";"1"
"VST";"1"
"(kg)";"1"
"inside AutoCAD application available";"1"
"Application";"12"
"String processing";"1"
"Thrust";"1"
"Downloading headers XOVER";"1"
"Block suballocation";"1"
"Windows NT";"3"
"ERP";"1"
"Scheduler";"2"
"Embedded annotation support";"1"
"Darcs";"2"
"Upload";"2"
"Quotes";"1"
"Other platforms";"16"
"GNU/Linux";"1"
"MINIXfs";"1"
"Floating point";"2"
"Initial MSRP (nominal US$)[1]";"1"
"Maximum pathname length";"1"
"Morrow";"1"
"Structure";"2"
"Surround";"1"
"Pop-up";"1"
"Use";"2"
"ATI r200 free software driver";"1"
"F4V";"3"
"Membership-only products";"1"
"Specification";"1"
"kv";"1"
"Source surety";"1"
"Atom";"4"
"Standard Malay (Malaysian)";"3"
"Extra information";"1"
"Application and developer";"1"
"Storage size";"1"
"Load Balancing and Clustering";"1"
"flat binaries (superH)";"1"
"USB Ports";"1"
"Unix";"14"
"Sort books";"1"
"Sublicensing";"1"
"Paradigm";"1"
"cache decoded images";"1"
"OCFS";"1"
"Dutch meaning";"1"
"Model name";"1"
"External hardware";"2"
"Native support: long file names";"1"
"Image library";"1"
"Real";"1"
"NFS";"4"
"Date statistics updated";"2"
"Trust on First Use (TOFU)";"1"
"Crew";"1"
"Memory slots";"1"
"ser ud.";"1"
"Unicode property support [3]";"1"
"Updated";"1"
"multiple type document";"1"
"UTF-8";"2"
"Default script shell in";"1"
"Different focal lengths in single panorama";"1"
"Range";"2"
"Developer(s)";"3"
"Certification";"1"
"OpenSaaS";"1"
"EEPROM";"1"
"Achievements";"1"
"Contents table";"1"
"Browse remote repository";"1"
"Except";"1"
"EVP";"1"
"Pattern matching (regular expressions built-in)";"1"
"EVO";"3"
".umd";"1"
"Grammar, code";"4"
"Fixed drives";"1"
"Multiplayer";"1"
"<string>.rpartition(separator) Searches for the separator from right-to-left within the string then returns the sub-string before the separator; the separator; then the sub-string after the separator.";"1"
"FLV[α]";"1"
"EWS";"1"
"First release date";"4"
"Curve41417 Curve3617 [154]";"1"
"ia64";"1"
"BNEP";"1"
"Reports";"1"
"Network File client";"1"
"Offline processing";"1"
"WebDAV ACL editor";"1"
"DVR recording";"1"
"VOICE";"1"
"iOS1";"1"
"WebDAV";"1"
"Preposition + definite article (Portuguese)";"1"
"Panels/pad[nb 4]";"1"
"Template engine";"1"
"Reverse";"1"
"Test planning integration";"1"
"Simulate real page flip";"1"
"Arrays and Collections";"1"
"Software type";"2"
"Composite (Range+Hash)";"1"
"Trident";"34"
"Chuck Baldwin";"1"
"Graphical configuration";"1"
"File extension(s)[1]";"4"
"Smartphone/tablet playback";"1"
"Static program analysis";"1"
"Custom Tag Fields";"1"
"USB peripherals";"1"
"Exports";"1"
"Adopters";"1"
"Video memory";"1"
"Fish eye lenses";"1"
"BSD/OS";"1"
"Maximum per-file size";"1"
"RDCC";"2"
"Adaptive Tessellation";"1"
"Retouching";"1"
"bridge";"1"
"alpha[117]";"1"
"(som) du snakker om,";"1"
"Predecessor";"2"
"Bluetooth";"2"
"Role-level permissions";"1"
"Refs";"1"
"Output Formats";"1"
"NLM";"1"
"Package format/tools";"1"
"Maintainer";"3"
"Security/ MAC labels";"1"
"Can keep RTC in UT[2]";"1"
"aʔ";"1"
"Party";"1"
"Display Size";"1"
"sh";"1"
"Synergy";"1"
".doc";"1"
"Patch access3";"1"
"Platform requirements";"1"
"Communication";"1"
"OS family";"1"
"Monotone";"1"
"Self-lit";"2"
"Windows Hello";"1"
"Openfire";"2"
"Ext2";"1"
"Ext3";"1"
"Original author/s";"1"
"Positive";"1"
"CardDAV";"2"
"Source control";"1"
"Dutch";"3"
"Wakanda";"1"
"TCP/UDP source port(s)";"1"
"ts";"1"
"Languages Supported";"1"
"File extension";"2"
"Settings Import/ Export";"1"
"Pulldown";"1"
"List price (USD)";"1"
"Two-factor";"1"
"Attachment [unclear]";"1"
"Templates";"1"
"Ethernet MAC destination address";"1"
"ua";"1"
"Clipboard Transfer";"1"
"Detect move";"2"
"DirectShow";"1"
"Name";"129"
"File servers (FSERVs)";"2"
"ue";"1"
"Crop";"1"
"3D Tracking";"1"
"Can:";"2"
"Live memory allocation";"1"
"FAT16, dosfs; FAT32, vfat";"1"
"Sync";"1"
"nŋ";"1"
"Weight (g)";"1"
"Smurf attack protection";"1"
"ZMODEM transfers";"1"
"Developed by";"4"
"Site map, viewable";"1"
"Audio file/cue";"1"
"Ogg[b]";"3"
"Color management for print";"1"
"Approximate number of source packages";"1"
"Delete element";"1"
"iOS App";"1"
"Composting";"1"
"Customize line space";"1"
"Vertical drop (ft)";"1"
"Software Name";"2"
"Affiliates";"1"
"Computer algebra system";"1"
"jabberd2";"2"
"Binary";"1"
"Whole OS Loads to RAM (Default)";"1"
"WAF";"1"
"Instansing";"1"
"Native interoperability";"1"
"MKV[70]";"1"
"Image viewer";"1"
"Styles (bold/italic/etc.)";"1"
"Boolean true";"1"
"Office Open XML";"1"
"Twitter";"1"
"OS/2, eCS, ArcaOS";"1"
"Customize font scale";"1"
"Keyboard mapping";"1"
"Isode M-Link";"1"
"WAV";"3"
"Measurement time, seconds";"1"
"ID3v2";"1"
"Database Name";"1"
"iPod touch/iPhone FW 4.0.2";"1"
"CalDAV";"1"
"Prenu ĉiujn tiujn, kiujn vi volos, kaj lasu ĉiujn tiujn, kiuj ne plaĉos al vi.";"1"
"Downloadable attachments";"1"
"ID3v1";"1"
"MariaDB versions";"1"
"Type system";"2"
"Implementation: language, environment";"1"
"Operating system-level virtualization";"1"
"Guest OS SMP available";"1"
"Latin version";"1"
"Web radio/TV";"1"
"Group priority";"1"
"YouTube Downloader";"3"
"Offline dictionary";"1"
"Inserting";"1"
"Atari";"1"
"Integer";"3"
"Fiction- Book (fb2)";"1"
"Descendant charts";"1"
"FAT";"1"
"Autoscroll by page";"1"
"Kindle[h 1]";"1"
"xz";"1"
"Latest release version";"1"
"Hardware token support";"1"
"Cynthia McKinney";"1"
"WCS";"1"
"Heuristics";"3"
"Temporary table";"1"
"HOLAP";"1"
"OCSP";"2"
"OLED";"1"
"2014[166]";"1"
"Compare";"1"
"Raster graphics editor";"1"
"Created (updated)";"37"
"Micro SDHC";"1"
"Hotkeys";"1"
"NSF";"1"
"installer/ updater MIMA safe";"1"
"DxO ISO[1]";"1"
"Memory (MB)[1]";"1"
"Bulletins to all contacts";"1"
"Card";"1"
"NSS";"1"
"Web Client";"1"
"Prosody";"2"
"Daylight saving";"1"
"μTP";"2"
"Real Time";"1"
"Maximum host disk volume size";"1"
"Browser";"1"
"WEP";"2"
"OLE DB for OLAP";"1"
"German";"2"
"Imports";"1"
"Branch Sizes";"1"
"Processors Supported";"8"
"Hard drive self-testing";"1"
"FISH/SSH";"1"
"HTML 5*";"1"
"Web server";"1"
"# hierarchies in dimension";"1"
"File/directory passwords";"1"
"Design Authority";"1"
"Copac";"1"
"USB Card[nb 8]";"1"
"WFS";"2"
"Secure (password) prompt";"1"
"NUT";"1"
"Other Features";"2"
"Amiga rock ridge";"1"
"FES";"1"
"Customer testimonials";"1"
"Supported OSs";"1"
"Model";"23"
"Online";"3"
"Failsafe I/O";"1"
"Latest stable version (date, number)";"1"
"Filter according to User Authorization";"1"
"string1 OP string2 OR (compare string1 string2) returns Boolean.";"1"
"Company";"11"
"Max supported file size";"1"
"Intro- duced";"1"
"Max DATE value";"1"
"Source language";"1"
"iCalendar";"1"
"FreeVxFS";"1"
"Boolean false";"1"
"API message-based";"1"
"DEFLATE[171] (insecure)";"1"
"Patch preview";"1"
"Stable release date";"1"
"Range, μSv/h";"1"
"Ch. Bandwidth (KHz)";"1"
"Emails";"1"
"Malaysian meaning";"1"
"Broadband eBook (BBeB)[h 1]";"1"
"z/OS";"6"
"Script";"1"
"Resizing";"3"
"Isotope";"1"
"Free GB (number only)";"1"
"Authoritative";"1"
"Find as you type (Type-ahead find)";"1"
"kʰ";"1"
"Full text search";"1"
"Ground glass";"1"
"Period";"1"
"Multitasking";"1"
"Orion";"1"
"CIFS";"2"
"Internet media type";"1"
"Multiple projects";"1"
"File hosting service";"1"
"Chicago/Turabian";"1"
"Power management";"1"
"Change column";"1"
"Limited MB plan4";"1"
"work at OSI Layer 7 (application inspection)";"1"
"Trending";"1"
"Insert video";"1"
"Bombs[nb 7]";"1"
"Native support: floppy capacities 5.25""";"1"
"Serpent";"1"
"Profiling/Debugging";"1"
"Macro";"1"
"contains(string,substring) returns boolean";"1"
"CPU Sockets";"1"
"Multiple architecture support (also see section below).";"1"
"SLA[4]";"1"
"Web seeding [Note 5]";"1"
"Use on ACT Standardized Tests[3]";"1"
"PostScript";"1"
"ACAP";"1"
"Word processing Software";"1"
"Partitioning";"1"
"VCS Support";"1"
"Rolling blind mode";"1"
"Mail server";"1"
"Intro year";"2"
"tɕʰi";"1"
"Duplicate index prevention";"1"
"Supported operating systems";"1"
"adjust image (functions)";"1"
"Hard links";"1"
"Cache [Note 16]";"1"
"Free software";"3"
"Path completion";"1"
"Live Update";"1"
"HPFS";"4"
"Variable-length look-behinds [Note 5]";"1"
"Total";"3"
"Builders: other";"1"
"NZB";"1"
"ʑi";"1"
"World achievements";"1"
"TSIG";"1"
"Haiku";"1"
"Meta tagging";"1"
"Block comment";"1"
"API / Commandline available";"1"
"Video playback";"1"
"Procedure 1";"1"
"Balancing groups [Note 4]";"1"
"Paging touch screen";"1"
"Web framework support";"1"
"MySQL";"3"
"Teamwork/repository";"1"
"Formats total #";"1"
"WMA";"2"
"2007[159]";"1"
"Media synchronisation";"1"
"Write-back";"1"
".mobi";"2"
"Stereo";"3"
"Shared Database";"1"
"WMC";"1"
"Client name";"3"
"Most recent update";"1"
"Fukushima Daiichi";"1"
"Checksum verification";"1"
"VOX Music Cloud";"1"
"PayPal Payflow Link";"1"
"Data Execution Prevention";"1"
"Offline shrink";"1"
"WMS";"2"
"First public release date";"15"
"included chess engine(s)";"1"
"PayPal Standard";"1"
"pʰ";"1"
"WMV";"3"
"RFC 5546 iCal iTIP(Group Scheduling)";"1"
"sparc64";"1"
"Satellite";"2"
"English version (traditional)";"1"
"Notification";"2"
"FLV";"3"
"ACER";"1"
"HAMMER";"1"
"Forward engineering";"2"
"(lb)";"1"
"Supported architectures";"2"
"Password complexity rules2";"1"
"m̩";"1"
"PA-RISC";"1"
"Printing";"1"
"Perspective correction lenses";"1"
"OPDS catalog";"2"
"FreeBSD, NetBSD, OpenBSD";"1"
"Back end";"2"
"2011[163]";"1"
"CalDAV Scheduling";"1"
"File system";"8"
"Enable/Disable sleep mode";"1"
"Country of origin";"10"
"Merge";"2"
"Searching";"1"
"Supported Devices";"1"
"macOS (Intel/PPC)";"1"
"Multiple volumes";"1"
"Categorized downloads";"1"
"User Support";"1"
"Supported OS (without emulation)";"1"
"Group, channel or conference support";"1"
"Data compression";"1"
"Read value";"1"
"Public key authentication";"1"
"WPA";"2"
"Base index";"1"
"Focus points";"1"
"Free to use";"1"
"Vehicle";"2"
"USB Content Management";"1"
"Speed (mph)";"2"
"Development status";"2"
"RFC 4324 iCal CAP";"1"
"Human-readable?";"1"
"Lexer algorithm";"1"
"Dataset name";"1"
"ACID";"1"
"FOT";"1"
"Virtual Private Network (VPN)[c]";"1"
"Algorithm";"4"
"Many-to-Many";"1"
"Membership discounts";"1"
"Monaural beats";"1"
"State";"3"
"Accuracy (CEP)";"1"
"Bootable";"1"
"External";"1"
"Notetaking software";"1"
"License pricing";"1"
"tʰ";"1"
"uppercase(string) returns string";"1"
"Propagate deletes";"2"
"Command name completion";"1"
"Patch application";"1"
"Show in-line changes";"1"
"Image view with zoom/pan";"1"
"Size of device";"5"
"Configurability";"1"
"AVTCP";"1"
"Icon view";"1"
"Ratio between the release due to the bomb and the Chernobyl accident";"1"
"Mass (kg)";"2"
"Created by";"2"
"Control point limit";"1"
"List databases";"2"
"Microsoft Office (.doc, .xls) support";"1"
"Batch scripts";"1"
"High-Performance/ High-Throughput Computing";"1"
"Refined searches [D 7]";"1"
"Pluginable";"1"
"The Lord's Prayer in Ido";"1"
"Userspace protection";"1"
"Cost Models";"1"
"Base elevation (feet)";"1"
"Directives [Note 1]";"1"
"Graphical smileys";"1"
"DNSBL";"1"
"Apple";"1"
"ODBC";"1"
"Neutral tone (0)";"1"
"Supplemental Data [176]";"1"
"XHTML";"1"
"Binary?";"1"
"Blobs and Clobs";"1"
"Implementation language";"1"
"Fisheye Stereo for Fulldome";"1"
"Bookmarks";"3"
"License";"149"
"General linear model";"1"
"Tabbed windows";"1"
"Parallel job";"1"
"CRC-32 (IEEE)";"1"
"easy to view all document labels of same type document";"1"
"FSB";"1"
"Price in USD";"1"
"Speed relative to host OS";"1"
"RSA[34]";"1"
"Bug tracking";"1"
"secp192r1 prime192v1 NIST P-192 (19)[81]";"1"
"StuffIt";"1"
"Detect rename";"2"
"Remote Access/Control";"1"
"asx, wax, wvx";"1"
"Table support";"1"
"Network file client";"1"
"Colors";"1"
"amCharts";"1"
"Yang level 陽平(5)";"1"
"raw / flat (partition)";"1"
"3D[1]";"1"
"Dynamic Image Processing";"1"
"Merging to HDR from LDR images";"1"
"High court judicial placement method";"1"
"memory efficiency";"1"
"FTP";"4"
"American";"1"
"RTSP (RTSPU, RTSPT)";"1"
"Ovid";"1"
"Default init system";"1"
"Speed limit";"1"
"Guest CPU";"1"
"File Change Log";"1"
"Power supply";"2"
"Out-of-the-box shopping cart";"1"
"Current version (year)";"1"
"use simultaneously different application";"1"
"LAN Sync";"1"
"XZ ZIPx";"1"
"Trend Prediction";"1"
"Manual compare alignment";"1"
"Specialization";"1"
"Audio Video Streaming";"1"
"Most recent version";"1"
"SSD Write Optimization (SSD degradation, I/O optimization, etc.)";"1"
"Explicit processor declarations";"1"
"ACLs";"1"
"Signal quality/coverage area";"1"
"Open source";"8"
"Security Certification";"1"
"Lens mount";"3"
"macOS";"33"
"3D support?";"1"
"secp384r1 NIST P-384 (24)[81]";"1"
"File manager";"6"
"Global Search";"1"
"Vue";"1"
"Hosted Platform";"1"
"Graphical installation procedure";"1"
"Thickness (mm)";"1"
"Other graphics file formats";"1"
"Extract Playcounts";"1"
"OGM";"1"
"WWW";"1"
"# dimensions";"1"
"Multiple undo-redo";"1"
"Other abilities";"2"
"thumbnails (sizes)";"1"
"Web protection";"10"
"PowerPC";"1"
"Raster images (JPEG, TIFF, etc.)";"1"
"Encrypts files";"1"
"Target audience";"1"
"DAV / HTTP(S)";"1"
"Delta updates";"1"
"Integrated Browser";"1"
"Append-only support? [2]";"1"
"Licence and version";"1"
"Data Export Types";"1"
"HPUX";"1"
"LDAP v3";"1"
"Tigase";"2"
"LDAP v2";"1"
"Intersect";"1"
"ALAC";"2"
"Network Behavior Analysis";"1"
"Spamtraps";"1"
"Look-ahead";"1"
"ALPN [174]";"1"
"Cyclic/continuous ?";"4"
"Public";"1"
"Norwegian (Bokmål)";"1"
"UNIX";"3"
"Family view";"1"
"Perfect-use failure rate (%)";"1"
"Mode Z / Remote Compression";"1"
"Runs on Windows";"1"
"Resolution (px)";"1"
"FireWire";"1"
"Raster filters";"1"
"Nation";"2"
"Triple DES";"1"
"X3F Sigma";"1"
"Max job submitted";"1"
"Autocorrection";"1"
"Faronics Power Save[6]";"1"
"af_alg";"1"
"256 colors";"1"
"DDIs";"2"
"Archive format";"1"
"SunOS";"2"
"MS SQL Server";"1"
"MIME type[2]";"4"
"Schedule timed recordings";"1"
"sect409r1 NIST B-409 (12)[81]";"1"
"Fire extinguisher required";"1"
"Podcast";"1"
"Cost estimate";"1"
"Charter Spectrum";"1"
"File access control";"1"
"English";"39"
"Copy Album Artwork";"1"
"Skiable area (acres)";"1"
"Look-behind";"1"
"HTML Compliant";"1"
"Media database";"1"
"pls";"1"
"background checks";"1"
"Extra features";"1"
"XML-aware";"1"
"White balance correction";"1"
"Integrated Search Service (retention / $$$/yr)";"1"
"secp160k1 (15)[81]";"1"
"OLAP server";"8"
"RMVB";"3"
"sect233k1 NIST K-233 (6)[81]";"1"
"Hybrid Option15";"1"
"TLS proxy";"1"
"Metronome";"2"
"Geostationary launches";"1"
"Endian- ness";"1"
"Remote control";"2"
"Point of sale order management";"1"
"Matroska";"2"
"Mail Server";"1"
"Character set";"1"
"Multi Co";"1"
"OMF";"1"
"Fossil";"1"
"Stable version";"1"
"ISO/IEC 26300:2006";"4"
"HMAC-SHA1";"1"
"Most recent release";"1"
"Content dependent [37]";"1"
"Project";"2"
"FX Now";"1"
"Bookmark";"1"
"Plasma Mobile";"1"
"MathML";"1"
"Prototype & script. aculo.us[10]";"1"
"Max exec node";"1"
"Online grow";"1"
"Compatibility";"1"
"add and remove physical volumes";"1"
"UI and version";"1"
"Web-based";"1"
"Online editing";"1"
"Fabrication requirements";"5"
"Assemblers";"1"
"Starts up to previous state[Note 11]";"1"
"hotkeys";"1"
"supports IPv6?";"1"
"Email / NNTP interface";"1"
"por";"1"
"E-mail";"1"
"Redirection";"1"
"Conversation[Note 2]";"1"
"Sharpening";"1"
"M68k";"1"
"Change TTL? (Transparent to traceroute)";"1"
"LDAP Support";"1"
"Book store(s)";"1"
"LINQ[14]";"1"
"HTML5-compliant parsing";"1"
"No.";"6"
"If not found";"1"
"MySQLi";"1"
"possibility of extended customization";"1"
"Server-side scripting";"1"
"Simulation?";"1"
"Landing type";"2"
"Release binaries";"1"
"Client side: all-free JS code";"1"
"Cont. shtg";"1"
"Commodore 64";"1"
"Managed";"1"
"Organises Projects";"1"
"FM radio";"1"
"Prince XML";"3"
"Cygwin";"2"
"Community website support";"1"
"Configurable titlebar buttons";"1"
"Unread message tracking";"1"
"Manager";"7"
"MAPI/RPC";"1"
"Network file server";"1"
"Minix";"1"
"Metering zones";"1"
"CPU time available for the autonomy software";"1"
"CiteSeer";"1"
"ECDHE-RSA (forward secrecy)[81]";"1"
"Partial";"1"
"First public release - date (version)";"1"
"Markup type";"1"
"Efficiency";"5"
"sect409k1 NIST K-409 (11)[81]";"1"
"rfind(string,substring) returns integer";"1"
"Server (library)";"1"
"RAM disk, tmpfs";"1"
"Colored directory listings";"1"
"eComStation";"1"
"REVERSE";"2"
"keyword";"1"
"Office Integration";"1"
"TI-BASIC";"1"
"Globbing qualifiers (filename generation based on file attributes)";"1"
"Interactivity support";"1"
"Mounts?";"1"
"Outer joins";"1"
"Code coverage";"4"
"SMB/CIFS";"1"
"NAME";"2"
"PA/DSS certified";"1"
"ROLAP";"1"
"XCF";"1"
"Issue tracking system";"1"
"File type";"1"
"ORA";"1"
"Revision control";"2"
"Spreadsheet Software";"1"
"CAPI";"1"
"Source code language(s)";"1"
"English (traditional)";"1"
"Initial Release Date";"1"
"CodeTextArea";"1"
"Toolchain";"2"
"Main memory";"1"
"HDD/SSD bays";"1"
"hdd (Parallels)";"1"
"UDMA support";"3"
"Maximum disk size per VM guest";"1"
"Non-free firmware required";"1"
"TINTIN";"1"
"Product reviews";"1"
"UnixWare";"1"
"Volume (mm³)";"1"
"other format";"1"
"FedEx";"3"
".25";"4"
"Encryption Type";"1"
"highlighting and linking of generated doc";"1"
"Danish";"4"
"Data Domain";"1"
"Intended use";"1"
"Slideshows";"1"
"Meaning";"20"
"Reward points";"1"
"XEP";"1"
"Author or Based On";"1"
"Stable release";"1"
"Native UTF-16 support[Note 1]";"1"
"OTR";"1"
"List Price (USD)";"1"
"sect283r1 NIST B-283 (10)[81]";"1"
"Windows Mobile";"1"
"Helene";"1"
"loongson";"1"
"Embedded in";"7"
"Special";"1"
"Development";"5"
"Process grouping";"1"
"Established";"1"
"Descendant narrative reports";"1"
"Tandy";"1"
"Reflex?";"1"
"3D or Animated pieces";"1"
"Boot time";"1"
"Name server";"1"
"Patch creation";"1"
"Other OS";"1"
"Panorama leveling";"1"
"Playlists (and channels)";"1"
"Is a tracker";"1"
"XFS";"2"
"Source lines of code";"1"
"SaaS";"2"
"Ukraine";"9"
"JFFS";"1"
"Inner joins";"1"
"Pre-made sessions";"1"
"Build tools";"1"
"Web";"2"
"GET";"1"
"Country";"27"
"Wireless network";"2"
"EPIX";"1"
"Hash Web seeding";"1"
"Remote uploading?";"1"
"API manual";"1"
"Site";"2"
"Platforms supported";"1"
"Filedate";"1"
"File systems supported";"1"
"Serverless (No server required)";"1"
"Initial release year";"2"
"Plastic";"1"
"Curve383187 [154]";"1"
"Access server";"1"
"Graphical editor?";"1"
"Polylines";"1"
"LHA/LZH";"2"
"Text editor";"1"
"Documentation integration/generation, reporting";"1"
"Chronology view";"1"
"Multilingual[1]";"1"
"iək";"1"
"Computing platform";"1"
"length(string) returns an integer number";"1"
"Unicode filenames";"2"
"""newspaper""-like";"1"
"Build system";"1"
"Anubis";"1"
"Have a GUI";"1"
"Delete column";"1"
"Magnet link";"1"
"Java/C++ statement";"1"
"Authentication";"2"
"Sound support";"1"
"Operating environments";"1"
"GNU Bazaar";"1"
"XIP";"1"
"Apple ISO9660";"1"
"Method of operation";"1"
"Open Source";"2"
"Sensor size";"1"
"LDAP";"2"
"Frame size limit";"1"
"ATI r300 free software driver";"1"
"Audio/VoIP support";"1"
"GeoRSS";"1"
"TTS Support (read aloud)";"1"
".75";"4"
"show all data in all fields";"1"
"Diagramming software";"1"
"FCrypt";"1"
"Austria";"9"
"Oldest non-EOL version[Note 1]";"1"
"Wildcard completion";"1"
"Technology";"2"
"CodeJar";"1"
"iɛn";"1"
"Python";"2"
"Prog Language";"2"
"Limit on x64";"1"
"Just-in-Time Indexing";"1"
"GIF";"3"
"Device";"1"
"Package format";"1"
"Zero knowledge2";"1"
"Flag";"2"
"Thing that is liked";"1"
"GIN";"1"
"WebM";"1"
"Shared Media Database";"1"
"Main dialect";"3"
"Flat";"1"
"DNA charts";"1"
"2018[170]";"1"
"User base in Active Directory";"1"
"Length (mm)";"1"
"Lowest ISO";"1"
"Scanner support";"1"
"VRAM";"1"
"WYSIWYG editor";"1"
"Startup/shutdown scripts";"1"
"RAM use (MB)";"1"
"Unix-like";"1"
"Type inheritance";"1"
"Customize transparent";"1"
"Max NUMBER size";"1"
"DVD-R/RW/RAM";"1"
"Licensing";"1"
"Rotation Lock";"1"
"MIDI(xmi)";"1"
"ECHO[19]";"1"
"RESUME";"2"
"Total persons";"1"
"Other UI";"1"
"ICalendar events";"1"
"Autocomplete";"6"
"VOB[59]";"1"
"CloudAV";"3"
"C compiler";"1"
"Folders";"2"
"Sage Pay Direct";"1"
"Thread safety";"1"
"vCard Synchronization";"1"
"SMTP AUTH";"1"
"Tail-Call Optimization";"1"
"First public release";"8"
"REST";"1"
"XML";"1"
"Audio compression format";"4"
"FSB/HT Frequency (MHz)";"7"
"File versioning";"1"
"Application-defined";"1"
"Specifiable base index";"1"
"Preferred license[g 1]";"1"
"Default File System";"1"
"CA Harvest";"1"
"ICalendar VAVAILABILITY (RFC 7953)";"1"
"Size";"3"
"Product";"16"
"compare(string1,string2) returns integer.";"1"
"iOS";"31"
"Private[Note 3]";"1"
"Design";"2"
"Creates?";"1"
"Decimal";"1"
"Royalty free";"1"
"2015[167]";"1"
"Multiplaying";"1"
"TCP/UDP destination port(s)";"1"
"Encrypted storage";"1"
"WAVE chunks";"1"
"EdgeHTML";"5"
"ReactOS";"1"
".fb2";"2"
"Cost and usage limits";"1"
"Sidebands?";"1"
"Method";"1"
"Apache";"1"
"System-versioned Tables";"1"
"Unlimited number of contacts";"1"
"Stock control";"1"
"Password protection";"1"
"Directory history, stack or similar features";"1"
"GEVP";"1"
"POP3 fetch all messages";"1"
"iəŋ";"1"
"Content license";"1"
"RFC 7809 CalDAV time zones by ref.";"1"
"Publication date";"2"
"Website";"3"
"Backward/forward";"1"
"Inverse search[Note 5]";"1"
"FIPS 140-2 support";"1"
"Java viewer";"1"
"Maximum zoom";"1"
"Permitted alcohol level (%)";"1"
"ISO/IEC 29500:2008";"3"
"Pseudorandom number generation";"1"
"Selection editing";"1"
"In-kernel key management";"1"
"Paid support available";"1"
"Profiled User Population";"1"
"REX2";"1"
"Shell server";"1"
"Mach-O";"1"
"Can Users Update Their Own Profile Data?";"1"
"Audio output";"1"
"TLS 1.2[34]";"1"
"GeoTagging Support";"2"
"RFC 4791 CalDAV";"1"
"PAR";"1"
"Audio player";"8"
"Multiple keys";"1"
"PPPoE";"1"
"Word processor";"1"
"Intelligent error handling";"1"
"COLOR";"1"
"PBS";"1"
"Logging";"2"
"Bus interface";"2"
"Implementation language(s)";"4"
"Solaris";"12"
"Changing default policy to accept/reject (by issuing a single rule)";"1"
"CBC w/ random per-sector keys";"1"
"Hosted on-premises";"1"
"Weight";"4"
"MXML";"1"
"Primary developers";"3"
"Desktop Environment";"1"
"iChat Server";"2"
"Toll roads";"1"
"UFS2";"1"
"PCI";"8"
"OnTrac";"2"
"Run by";"1"
"Supported OS";"1"
"Media aggregator";"1"
"Source availability";"1"
"Encrypts";"1"
"Camellia";"1"
"Command history";"1"
"PCX";"1"
"Mercurial";"2"
"Translation system";"1"
"Projects";"1"
"ASF[27]";"3"
"Initial release date";"1"
"HTTP Web seeding";"1"
"Webcam/Video";"1"
"Pulldown claws";"1"
"LADSPA";"1"
"Default file system";"1"
"PDF";"6"
"Language";"20"
"Pitch shift";"1"
"Interlingua";"3"
"HTTPS";"1"
"XTS";"1"
"Other special file systems";"1"
"Add element";"1"
"OpenDocument";"1"
"FTPS (FTP over SSL)";"1"
"Windows CSP";"1"
"User Interface Language(s)";"2"
"Speed";"4"
"concatenate(string1,string2) returns string.";"1"
"Weight, g";"1"
"Rockbox";"1"
"FBURL";"1"
"Encrypted variables/ parameters";"1"
"Polls";"1"
"PEF";"1"
"print";"1"
"Boots from DVD";"1"
"Latest Release";"1"
"Style, clone of";"1"
"Audio battery life (hr)";"1"
"Preposition + demonstrative (Portuguese)";"1"
"show all data in some fields";"1"
"Netboot";"1"
"Image compare";"1"
"Supporting Organization";"1"
"WYSIWYG Editor";"1"
"Developer";"45"
"Reviews and Comments";"1"
"Change color depth";"1"
"Aspect";"2"
"Sailfish OS";"17"
"Hash";"2"
"Trim support";"1"
"Embed audio (sounds, music, hypnosis)";"1"
"DTLS 1.2[28]";"1"
"PCI passthrough";"1"
"List table fields";"1"
"Developer API?";"1"
"GUI";"12"
"Search cloud";"1"
"Wish list";"1"
"Email Security";"2"
"Estimation approach";"1"
"Binaural beats";"1"
"Recursion ACL";"1"
"Follows symlinks";"1"
"Kernel ASLR";"1"
"Multiple TV tuner cards support";"1"
"Adoption & foster parent";"1"
"Functional";"1"
"Anonymous P2P";"1"
"Collapsible sections";"1"
"Full-text";"1"
"SPARC32";"1"
"XScale";"1"
"Pre-boot authentication";"1"
"ADC support";"2"
"Tux3";"1"
"Development platform";"5"
"Teletext";"1"
"Output languages";"4"
"floppy";"1"
"secp521r1 NIST P-521 (25)[81]";"1"
"Implicit directory change";"1"
"Reader";"1"
"Development started";"1"
"Configuration: GUI, text or both modes?";"1"
"Introduced";"4"
"Vorbis comment";"1"
"Activity status (active or dead + RSS news)";"1"
"Enterprise directory compatibility";"1"
"SOM (PA-RISC, HP-UX)";"1"
"YouTube Music";"1"
"PHP";"1"
"Statement separator-terminator";"1"
"High court term";"1"
"Snippets";"1"
"HIDP";"1"
"FDA cleared";"1"
"Ogg";"2"
"AR/AP";"1"
"Heterogeneous/ Homogeneous exec node";"1"
"Parenthesis matching";"1"
"WMA Lossless";"1"
"Approximate Number of Pre-compiled Packages";"1"
"RFC 3253 WebDAV vers.";"1"
"Perforce";"3"
"Embedded tracker";"1"
"cramfs";"1"
"ECDH-ANON[81] (insecure)";"1"
"RFC 4331 WebDAV quota";"1"
"Technique employed";"1"
"Subscription model";"1"
"Publish Capabilities";"1"
"Specifiable index type[13]";"1"
"URLs per file";"1"
"Binary message support";"1"
"Workspace-level permissions";"1"
"Plain text";"2"
"Install-time desktop environment selection";"1"
"Instruction set";"6"
"StarTeam";"1"
"unZip or unRAR";"1"
"Search engine";"1"
"Random seed";"1"
"Raw Public Keys [183]";"1"
"substring(string, startpos, endpos) returns string substr(string, startpos, numChars) returns string";"1"
"Auto resume";"1"
"Symbol";"2"
"OpenVPN";"1"
"Recovery record";"2"
"Twin panel";"1"
"PS, TS[II]";"1"
"Remote";"1"
"Research Networking Tool";"6"
"Metadata indexing";"1"
"Multidimensional";"1"
"Release Year";"1"
"Create";"1"
"Calculator";"2"
"Last metadata change timestamps";"1"
"RFComm.";"1"
"Product image attaching";"1"
"OS required";"1"
"Operating system";"15"
"Integration";"6"
"iOS: iPhone,[Note 1] iPod Touch";"1"
"Interpreter";"2"
"Maximum filename length";"1"
"Spacecraft";"10"
"Cost (USD)";"7"
"MIDI(rmi)";"1"
"Mozilla Firefox";"1"
"Southbridge";"2"
"Filter according to time of day (quota)";"1"
"Syslog";"1"
"Brute-force protection";"1"
"Word for Mac";"1"
"Plugin";"2"
"Origin";"3"
"Discontinued";"1"
"Apple disk image";"1"
"Templates Update Sync";"1"
"Handoff";"1"
"Bits per sample";"2"
"External routine 1";"1"
"PNG";"3"
"Activity";"1"
"Premium";"1"
"Smart card support";"1"
"Wireless synching";"1"
"Link system compatibility";"1"
"Embedded Antivirus";"1"
"Lines to curves cmd. & vice versa";"1"
"Tag flexible[featurenotes 5]";"1"
"Tow rope required";"1"
"Shy groups [Note 2]";"1"
"Maximum amount of memory per VM guest";"1"
"Shell integration";"1"
"Whiteboard";"4"
"BeOS, Haiku";"1"
"Filesystem support";"1"
"Newest products";"1"
"Viewpoint adjustment";"1"
"PayPal Pro";"1"
"BitTorrent library";"4"
"Customize color";"1"
"Can boot an OS on another disk partition as guest";"1"
"POP3 selected by filter";"1"
"Maximum volume size[d]";"1"
"Word size";"1"
"Can open/save PGN";"1"
"Special offers";"1"
"Misc. notes";"1"
"Typical-use failure rate (%)";"1"
"Curve448 Ed448-Goldilocks [153]";"1"
"POS";"1"
"sect283k1 NIST K-283 (9)[81]";"1"
"Workflow system";"1"
"OpenVMS";"7"
"ZIP preview";"1"
"Soft real-time support";"1"
".oeb";"1"
"Metadata";"3"
"Firebird";"2"
"Movement type";"1"
"Sized Printing";"1"
"PPP";"2"
"One-click download";"1"
"F2FS";"1"
"Team";"1"
"Tracker exchange [67]";"1"
"Search full text";"1"
"ReplayGain";"1"
"Main processor";"1"
"System (year)";"1"
"Shared libraries";"1"
"Segmented Downloads[13]";"1"
"Non-native APIs supported through subsystems";"1"
"64-bit";"1"
"ppc[114]";"1"
"File previews";"1"
"Full-text search";"1"
"IMAP4";"1"
"Mandatory facets";"1"
"Fills & hatch";"1"
"Target Users";"1"
"Native support: File systems";"1"
"Frequency";"1"
"Total flights";"1"
"Display";"4"
"Color depth (bpp)";"1"
"Outbound streaming";"1"
"webOS";"1"
"Patent grant";"1"
"TLS 1.2 Suite B";"1"
"Supports references?e";"1"
"Referential integrity";"1"
"Attribute columns";"1"
"Model/database comparison and synchronization";"1"
"Schematic?";"1"
"VT100";"1"
"Hard Disk Pooling";"1"
"Portuguese";"12"
"Software executable space protection";"2"
"Metalink";"1"
"Aperture plate";"1"
"Math function library";"1"
"Luxembourg";"9"
"Dependencies";"1"
"Syntax highlighting";"3"
"PSD";"2"
"2019[171]";"1"
"PSF";"1"
"Use on College Board Standardized Tests[2]";"1"
"Malaysian syllabification";"1"
"Encryption level";"1"
"Mutual auth";"1"
"GOST 28147-89 IMIT[82]";"1"
"Homeowner association";"1"
"Document management";"1"
"PSP";"1"
"$£€¥";"1"
"Stack";"1"
"Type of Networking (Active or Passive)";"1"
"HCI";"1"
"CSS2";"1"
"Lexer";"2"
"SSL/TLS";"1"
"Latin";"2"
"Related paradigm(s)";"1"
"Programming Language";"3"
"Initial Cost";"1"
"Relay";"1"
"Element";"1"
"Maximum file size";"2"
"Country code";"1"
"Bit editing";"1"
"IDEA";"1"
"Year of latest stable version";"1"
"HDR";"1"
"Backreferences [Note 3]";"1"
"Alternation (Brace expansion)";"1"
"Import via in-app Browser";"1"
"Volume modulation for embedded audio";"1"
"Pixel density (in pixels per inch)";"1"
"Title";"4"
"AntiTheft";"5"
"OAuth";"1"
"Push notifications";"1"
"Remote controllable";"1"
"DNSSEC";"1"
"Copy Music";"1"
"Sortable";"1"
"Implementation Language";"2"
"Maemo";"1"
"Google Play (Google TV)";"1"
"Editor";"9"
"Location";"2"
"Xen";"1"
"Capture filter";"1"
"Encryption";"11"
"Language/ Library";"1"
"Extended Master Secret [181]";"1"
"Dojo";"1"
"AntiSpam";"10"
".epub";"2"
"Discovery of other user’s collections";"1"
"Native support: floppy capacities 8.0""";"1"
"Photo support";"1"
"HFS";"2"
"3D Painting";"1"
"Licence";"3"
"IBM PCjr";"1"
"Enable-disable CSS";"1"
"Official name[3]";"4"
"Screen type";"3"
"Namespace";"1"
"John McCain";"1"
"Supported format(s)";"1"
"Turkey";"9"
"Visualizer";"1"
"Budget management";"1"
"Examples";"2"
"Indonesian meaning";"1"
"Opera";"1"
"X25519 [152]";"1"
"Description";"12"
"FLAC";"3"
"iPod touch/ iPhone FW 2.x";"1"
"Gift certificates";"1"
"Form based";"1"
"Search Unicode";"1"
"split horizon";"1"
"Year launched";"5"
"AEAD";"1"
"Autocompletion of LaTeX commands";"1"
"Same sex marriage";"1"
"Linux/Unix";"1"
"5th Gen. nano Firmware";"1"
"RFC 5995 WebDAV POST add member";"1"
"Private following list";"1"
"IBM PC";"1"
"Rover (mission, organization, year)";"1"
"Supported Database Platforms";"1"
"All metadata search [D 4]";"1"
"Cost (per year)";"1"
"Visual schema/model/E-R diagram design";"1"
"Max # operands";"1"
"Thrust (N)[a]";"2"
"SITX";"1"
"Max table size";"1"
"Default login shell in";"1"
"Here document";"1"
"Kaypro";"1"
"SHA-3";"1"
"Screen size (in)";"1"
"SHA-2";"1"
"SHA-1";"1"
"Windows Mobile (incl.Pocket PC)";"1"
"Last access/ read timestamps";"1"
"Target market";"2"
"Named Sets";"1"
"2008[160]";"1"
"Native network encryption1";"1"
"Pagination";"1"
"Speed limit on dual carriageway (km/h)";"1"
"Spanish";"12"
"Telnet triggers";"1"
"Single parent family";"1"
"Automatic pongs for pings";"1"
"LFN support";"2"
"Input format";"2"
"Systems";"1"
"HSBC CPI";"1"
"Safe data subset";"1"
"Mobiles";"1"
"Git";"4"
"FLV[I]";"1"
"Brightness Control";"1"
"Lens distortion correcting";"1"
"sect193r2 (5)[81]";"1"
"Software";"39"
"Chromium[44]";"1"
"Disk sector editing";"1"
"Day/Night mode";"1"
"Supports Gapless Metadata";"1"
"Other import via";"1"
"img";"1"
"Book- marking";"1"
"Online shrink";"1"
"Danish meaning";"1"
"Backup";"5"
"Knowledge Tags";"1"
"SEO URLs";"1"
"Kernel programming language";"1"
"Podcasting";"1"
"Command argument completion";"1"
"sect233r1 NIST B-233 (7)[81]";"1"
"Block size";"1"
"Indexed";"1"
"Multi-user support";"1"
"Physical Size (inches)";"1"
"Secondary mode";"1"
"Starz Play";"1"
"zlib";"1"
"File System";"1"
"Time tracking";"1"
"NMDC hub";"1"
"Size, mm";"1"
"Android1";"1"
"La malbela maljunulino mallaŭte malfermis la pordon al sia kelo kaj malrapide malsupreniris la ŝtuparon.";"1"
"Other platforms?";"2"
"AngularJS";"1"
"Forms";"1"
"Formula editor";"1"
"Find text in buffer";"1"
"Range (km)";"2"
"String";"3"
"Latest version";"7"
"Books tag";"1"
"DHE-RSA (forward secrecy)[34]";"1"
"CBC w/ secret IVs";"1"
"Profiler";"7"
"Linear arrays or lists";"1"
"Windows 7, Vista";"1"
"quota";"1"
"Digital signature";"1"
"Depth (mm)";"1"
"ECOFF";"1"
"3-way comparison";"1"
"AmigaOS 4, MorphOS (PPC)";"1"
"RIPEMD-256";"1"
"UltraFlix";"1"
"TPM support";"1"
"SEND T";"2"
"Highest ISO";"1"
"Rebuild iPod Database";"1"
"Scoring model";"1"
"MIB Compiler";"1"
"Internal media storage";"2"
"Author";"2"
"QTVR";"1"
"Tome Raider[h 1]";"1"
"Object limit per document";"1"
"HPD";"1"
"NeXTSTEP";"1"
"Last revision";"1"
"Reverse engineering";"2"
"Contains CAS";"1"
"Multi-page";"1"
"EOR[18]";"1"
"JPEG";"3"
"Auto-complete";"1"
"Dynamic typing";"1"
"Microsoft Office Open XML support";"1"
"Mass (g)[6]";"1"
"Newsletter";"1"
"Axiis";"1"
"French";"2"
"Autoscroll by line";"1"
"C++ Templates";"1"
"Stripe";"1"
"Delete table";"1"
"Whole disk";"1"
"Bazaar";"1"
"Offline support";"1"
"bin/cue";"1"
"Blue (E-CD)";"1"
"Unicode support";"7"
"VIA PadLock";"1"
"Server Operating System";"1"
"Thumbnails";"2"
"ATI official driver x86-64";"1"
"Helm chart";"1"
"Subsystem isolation mechanisms";"1"
"Code name";"1"
"Rainbow 100";"1"
"NMDC[1] hub";"1"
"Ancestor charts";"1"
"MMS (MMSU, MMST)";"1"
"Outbound firewall (egress)";"1"
"Export as sound file";"1"
"Interface";"7"
"Socket";"1"
"Parental Control";"5"
"Dynamically-sized";"1"
"CTCP";"2"
"HRM";"1"
"Triangle required";"1"
"Founded";"1"
"Russian";"1"
"Email";"2"
"Progress indicator";"2"
"Max Torque";"1"
"Panel tabs";"1"
"Viewfinder";"1"
"PS, TS[33]";"2"
"Creator";"76"
"Founder";"1"
"Spell-checking";"1"
"DTLS 1.0[35]";"1"
"TUN/TAP";"1"
"Event-driven";"1"
"MIDI(kar)";"1"
"Filename extension";"4"
"Interlacing";"1"
"Rectilinear lenses (i.e. normal camera lenses)";"1"
"Go To";"1"
"Encoding";"1"
"Triggers";"1"
"HSV";"1"
"Supports non-monogamous connections";"1"
"Brand";"3"
"Multiple store fronts";"1"
"Issue Tracking System";"1"
"Featured products";"1"
"Transceiver Chip";"1"
"Optional dependencies";"1"
"Examples of support of implementation of estimation approach";"1"
"MongoDB";"1"
"6th Gen. Firmware";"1"
"Coupons";"1"
"Virtualization";"1"
"Speeds (external)";"1"
"Multi-line matching";"1"
"Timers";"1"
"Yellow (CD-ROM)";"1"
"Schedule estimate";"1"
"Bound check";"1"
"Project management software";"1"
"Playback while charging";"1"
"Mac1";"1"
"Book search";"1"
"Vectorized operations";"1"
"Comic Book";"1"
"Usage examples (approx.)";"1"
"Insert SWF";"1"
"Name variants";"1"
"Fox Now";"1"
"ReiserFS";"2"
"Harvard";"1"
"USB, eSATA and removable drives";"1"
"Software license";"43"
"A&E";"1"
"FAT32";"3"
"Applications";"1"
"Transcoding";"1"
"Binary comparison";"1"
"# levels in hierarchy";"1"
"Market focus";"2"
"HBO GO";"1"
"Tonemapping";"1"
"MCCP[20][21]";"1"
"Range, μR/h";"1"
"Recursive";"1"
"Self-hosting";"1"
"SASL";"1"
"Tag mass";"1"
"Deep Pixel Rendering";"1"
"Beige (PCD)";"1"
"Class: Home / Professional";"1"
"Type checker";"1"
"Editing style[Note 1]";"1"
"Users";"1"
"Efficient Redundancy";"1"
"OOXML .docx";"1"
"Text-to-speech";"2"
"Forum";"1"
"Macros/templates";"1"
"Green (CD-I)";"1"
"Isochronic tones";"1"
"Maximum lift height";"5"
"Subtitles[2]";"1"
"Visual styles";"1"
"Gui";"1"
"TSEND";"2"
"SATA";"9"
"Ralph Nader";"1"
"Platforms";"7"
"FAT12";"3"
"Data rate";"1"
"Protocol stacks";"1"
"FAT16";"3"
"Intel QAT";"1"
"VDI (VirtualBox)";"1"
"CA Certificates";"1"
"HDMI out";"1"
"Gapless audio decoding";"1"
"Direct Drive";"1"
"Mfg. country";"1"
"x86, i386, IA-32";"1"
"RTL8139";"1"
"Semi-additive measures";"1"
"NTFS";"5"
"Animation[9]";"1"
"Bits";"1"
"Model[edit]";"1"
"MultiPolyline";"1"
"Disney Channel";"1"
"Viewfinder coverage";"1"
"Joliet";"1"
"Spatial Visualization";"1"
"Persistence Specification";"1"
"Long filename support";"1"
"Builders: Windows";"1"
"Working State";"1"
"physical disk / device";"1"
"Client (library)";"1"
"Bayesian filters";"1"
"Founded year";"1"
"Full name";"1"
"Author, creator";"1"
"Supported decompression";"1"
"Operating Systems on which it runs?";"1"
"Web browser integration";"1"
"Digital audio editor";"2"
"GOST";"1"
"Continuous scrolling";"1"
"Fabri- cation";"1"
"SSL 3.0 (insecure)[31]";"1"
"# dimensions in cube";"1"
"Enable/Disable CSS";"1"
"Flat file";"2"
"Audio out";"1"
"Command builder";"1"
"Suction lift ?";"5"
"S No.";"1"
"Compression";"2"
"Null";"2"
"Moved lines";"1"
"Common Table Expressions";"1"
"Machine model";"1"
"Bzip2/BZ2 ZIPx";"1"
"Live-Update";"4"
"Special device profiles (e.g. iPhone)";"1"
"Create table";"1"
"Batch download";"1"
"Copy Smart Playlists";"1"
"File archivers";"4"
"Imperative";"2"
"Non-destructive editing";"1"
"Two-way Remote Control";"1"
"Customize font";"1"
"feature, example usage";"1"
"Color depth";"1"
"E521 [154]";"1"
"Mac OS X";"16"
"Durability";"5"
"Partial match[Note 2]";"1"
"Dimensions (mm)";"1"
"Keying Material Exporter [178]";"1"
"Built-in compression";"1"
"Base elevation (ft)";"2"
"DragonFly BSD";"1"
"Extraction of original audio (served by YouTube)";"1"
"Extendable";"1"
"Assembler";"9"
"Platform-independent";"1"
"*BSD";"1"
"Costs";"1"
"Keystroke stacking";"1"
"Czechia";"9"
"2010[162]";"1"
"Driver name";"1"
"CT[111]";"1"
"secp192k1 (18)[81]";"1"
"Report Output Format";"1"
"Greylisting";"1"
"FreeNAS";"1"
"Partial or full (spherical) panoramas or images from panoramic cameras";"1"
"Format";"71"
"Latest release";"7"
"WorldPay";"1"
"Windows Vista";"1"
".docx";"1"
"Specific impulse (s)[a]";"2"
"Kap IT Labs";"1"
"QNX";"1"
"Topic";"1"
"Modified Time-stamp preserved";"1"
"Different lens types in single panorama";"1"
"Blu-ray Disc";"1"
"Payment model";"1"
"Solar Space Missions";"1"
"VST3";"1"
"Thrust:weight ratio[b]";"1"
"Menu/options prompt";"1"
"Access control lists";"1"
"Commercial support available";"1"
"Clean HTML**";"1"
"UPnP [Note 4]";"1"
"Feature";"21"
"Agent-less";"1"
".pdf";"2"
".pdb";"2"
"Omnidirectional stereo for HMD";"1"
"ext4";"1"
"ext3";"1"
"ext2";"1"
"802.11";"2"
"Tree view editor?";"1"
"GoodRelations RDFa";"1"
"Major purpose";"1"
"Open source?";"2"
"Multipoint";"1"
"Country/US state";"1"
"Staff action logging";"1"
"MPEG-21";"1"
"Structured comparison[26]";"1"
"jQWidgets";"1"
"Integration, other";"1"
"Skipjack";"1"
"Fan charts";"1"
"Processor";"3"
"Wikipedia lookup";"1"
"H.264/MPEG-4 AVC (MPEG-4 Part 10)";"1"
"Insert image";"1"
"Open";"1"
"Flixster";"1"
"Creator / developer";"2"
"UPnP [Note 1]";"1"
"Groups";"1"
"Poland";"9"
"Protocol";"4"
"arm";"1"
"Generics";"1"
"Netflix";"1"
"Describe";"1"
"Crypto back-end";"1"
"Red (CD-DA)";"1"
"DDE support[Note 6]";"1"
"Detector type";"1"
"Team Concert";"1"
"Details + Thumbs";"1"
"Symbol table";"1"
"Sleep";"1"
"Bob Barr";"1"
"Embedded system support";"1"
"Ad-free";"3"
"Predecessors";"1"
"VHD (Connectix Virtual PC)";"1"
"Modification date resolution";"2"
"PostmarketOS";"1"
"RSS 0.91";"1"
"Pre-processing";"1"
"Typical use";"1"
"Yang entering 陽入(8)";"1"
"Property owners association";"1"
"IDE";"30"
"Server Name Indication [173]";"1"
"Mandatory retirement age[note 9]";"1"
"Maps";"1"
"WYSIWYG editor?";"1"
"MP4[34]";"2"
"IDS";"3"
"Mac OS";"3"
"API: language, environment";"1"
"XML Schema editor?";"1"
"Highest court";"1"
"Ad hoc";"1"
"Privacy Advisor";"1"
"IMSP";"1"
"Browse compressed folders";"1"
"Class browser";"4"
"ZFS";"2"
"Themes";"1"
"Passive mode";"1"
"Irish";"3"
"Profile selection[d]";"1"
"Can import UCI[4] engines";"1"
"License (if applies, for example GPL)";"1"
"Line connection";"1"
"Kernel Name";"5"
"Parsing algorithm";"4"
"Mobile web";"1"
"Scroll speed control";"1"
"Multi-server";"2"
"Mouse support";"1"
"GiST";"1"
"SURBL";"1"
"Delete database";"1"
"RSS 1.0";"1"
"Modeling";"1"
"Deforming Motion Blur";"1"
"Launch of foreign satellite";"1"
"First flight";"1"
"Target Boot Time";"1"
"Memory card";"1"
"AVDTP";"1"
"Features";"11"
"Self-hosted server";"1"
"Notes";"66"
"Rock Ridge";"1"
"DES-X";"1"
"Kile/LyX";"1"
"Mailing list";"1"
"RFC 6638 CalDAV sched.(Auto-Schedule)";"1"
"Lifetime";"1"
"Copy Videos";"1"
"QCOW (QEMU)";"1"
"2012[164]";"1"
"Supports same-sex connections";"1"
"Green";"1"
"Private videos";"1"
"ZIP";"2"
"Word";"4"
"IBM ILOG Elixir";"1"
"MIDI";"1"
"Angles";"1"
"Multi-Cube Model";"1"
"Online store";"1"
"OpenPGP [175]";"1"
"Snapshot of running system";"1"
"Database";"5"
"Default package management tool(s)";"1"
"TM grant";"1"
"Filename Encryption";"1"
"Pages";"4"
"IIS";"1"
"Partial file loading";"1"
"Windows 8";"1"
"Windows 7";"1"
"Module";"1"
"Ref(s)";"1"
"SMBFS";"1"
"Tuner Sharing";"1"
"Rotate";"1"
"API frame-based";"1"
"Data types";"1"
"RAW imports";"1"
"Brightness control";"1"
"Kernel type";"5"
"show filtered data in all fields";"1"
"Adult single day lift ticket price";"1"
"Deflate";"1"
"First flight mission";"1"
"Antenna House";"2"
"Radio spectrum";"1"
"Shared editing";"1"
"Target Business Size";"1"
"Update management";"4"
"Integrity check";"2"
"XP, 2000";"1"
"Capability-based security";"1"
"MIME type";"1"
"E-mail client";"1"
"BSD/OS (BSD/386, BSDI)";"1"
"sect163r2 NIST B-163 (3)[81]";"1"
"OS version";"1"
"ADC hub";"4"
"SSH2";"1"
"SSH1";"1"
"IM—";"1"
"Function scope";"1"
"Unicode file / directory names[5]";"1"
"reverse(string)";"1"
"MODS XML";"2"
"Family";"1"
"Share";"2"
"Tru64 UNIX";"1"
"Estimated requirements";"1"
"IEEE Xplore";"1"
"Advanced command";"1"
"Visual Themes";"1"
"Max column name size";"1"
"Multiple addresses";"1"
"High rising (9)";"1"
"Conflicting evidence";"1"
"Multichannel";"3"
"High availability";"1"
"Default Package Management Tools";"1"
"Frame rate (forward)";"1"
"Bytecode";"1"
"Mission";"1"
"Protocol (spec) version support";"1"
"History Channel";"1"
"Flare";"1"
"Primary service";"1"
"Runs on Mac OS X";"1"
"Archi- tecture";"1"
"Remote desktop";"1"
"Producer";"1"
"Add-on support";"1"
"Default task";"1"
"Call-pattern checker";"1"
"Latest release year";"1"
"Screen size (inch)";"2"
"Tagging[Note 1]";"1"
"Scarlet (SACD)";"1"
"Features supported (instruction set)";"1"
"Lifecycle Policy support?";"1"
"Year of First Use";"1"
"Backward-forward";"1"
"Designer";"2"
"UDP flood protection";"1"
"Form Handler";"1"
"Difficulty of production";"5"
"Misc (wrapper based, like interpreters)";"1"
"IOC";"2"
"Flash";"2"
"Public issues list";"1"
"3D acceleration";"1"
"Maximum host cores / CPUs";"1"
"Release";"1"
"Integrated disk compression utility";"1"
"Status support";"4"
"Version control browsing";"1"
"File transfer";"1"
"Pronunciation guide";"2"
"Fabrication process (nm)";"11"
"thumbnail caching";"1"
"secp256k1 (22)[81]";"1"
"2004[156]";"1"
"SMP aware";"1"
"TeX/LaTeX";"2"
"Manf. /BOM";"1"
"Boolean grammar abilities";"1"
"Supported Programming Languages";"1"
"Access API";"3"
"IPA";"6"
"Scheduling or service";"1"
"RAM";"3"
"Vector shapes";"1"
"Latest stable";"1"
"Autodetect changes12";"1"
"RAR";"2"
"System distribution commitment";"1"
"Process memory editing";"1"
"Forked from";"1"
"IPS";"3"
"IPX";"1"
"Codec";"1"
"Free firmware[note 2]";"4"
"Reporting and analyses";"1"
"Free online storage (non-trial)13";"1"
"Basic metadata search [D 3]";"1"
"On-access scan";"10"
"Mouse input support[Note 1]";"1"
"GDP (USD million)";"1"
"RC2";"1"
"Logical Grouping";"1"
"RegExp for Contents";"1"
"RC4";"1"
"AAC";"3"
"RC5";"1"
"AAF";"1"
"Superlative";"1"
"tɕi";"1"
"Sound";"9"
"OpenID";"1"
"Preview (seconds)";"1"
"Noise removal";"1"
"Symbolic links";"2"
"Master mode";"2"
"Interoperability with Institutional Enterprise Systems";"1"
"Research Manager";"1"
"PATA";"8"
"Modifiers[nb 5]";"1"
"other / special";"1"
"Visualization";"2"
"2003[155]";"1"
"Structural markup";"1"
"Developer/Manufacturer";"1"
"Launched";"1"
"s390x";"1"
"RIPEMD-160";"1"
"Ultrix";"1"
"Launch Vehicle";"1"
"Avg annual snowfall";"1"
"ISI";"1"
"Speaker";"1"
"Can contain icon";"1"
"ACE";"2"
"ISO";"3"
"United States Postal Service";"3"
"ACL";"1"
"Form CAPTCHA";"1"
"ACM";"1"
"Statistics";"1"
"Automatic suggestions";"1"
"Web-Based";"1"
"Geographic restrictions";"1"
"Handwriting recognition";"1"
"View functions";"1"
"Year";"18"
"ECDH-ECDSA[81]";"1"
"Screenshot";"1"
"Power";"1"
"Video support";"1"
"Blowfish";"1"
"HDR output (EXR, HDR, Logluv, etc.)";"1"
"Google Web Toolkit";"1"
"Tail packing";"1"
"Nvidia official driver AMD64";"1"
"Ignores DMCA";"1"
"End-to-end encryption";"1"
"Deployment";"2"
"Open-E [2]";"1"
"RFC";"1"
"Plugin API[5]";"1"
"Tor friendly";"1"
"IPTC Support";"2"
"DHE-PSK (forward secrecy)[95]";"1"
"SRP[94]";"1"
"Norwegian";"1"
"Cookies import";"1"
"Server functionality";"1"
"Vorbis";"1"
"DNS SRV";"1"
"Supports Zero-copy operations";"1"
"WebTorrent";"1"
"lowercase(string) returns string";"1"
"Color";"1"
"Units sold";"1"
"Cost, availability";"2"
"Visual Studio";"1"
"AES";"1"
"Reverse / Firewall DCC";"2"
"Procedural";"2"
"MIPS";"1"
"Display resolution";"1"
"Shared clipboard";"1"
"On-Premises Platform";"1"
"Debugger";"12"
"RIPEMD-128";"1"
"MIRV";"1"
"Video out";"1"
"Subscriptions";"1"
"PCI-Express";"5"
"ISO image";"1"
"L2CAP";"1"
"AFP";"1"
"AFS";"1"
"Multi- threaded downloads";"1"
"Main traits";"1"
"Standard Malay";"1"
"Default Installer";"1"
"Copy files over 2 GB[1]";"4"
"Sync to cloud";"1"
"ReWire";"1"
"Streaming";"1"
"Agency";"1"
"Integrated firewall";"5"
"Blink";"1"
"KHAZAD";"1"
"AGP";"6"
"Brief description";"37"
"Text box, flow diagram [unclear]";"1"
"Medline";"2"
"Interactive menus";"1"
"Tasman";"11"
"Atomic groups [Note 2]";"1"
"Credit bureau(s)";"1"
"LaTeX[25]";"1"
"Norwegian (Bokmål/Nynorsk)";"1"
"RIS";"2"
"Data Storage Method";"1"
"Import";"1"
"Portugal";"9"
"Written in Java only";"2"
"Version compared";"2"
"VHDX (Hyper-V)";"1"
"Example";"1"
"Textual/graphical";"1"
"MSP[23]";"1"
"Tag books";"1"
"Features:";"2"
"Smartphone/tablet remote control";"1"
"Sage Pay Form";"1"
"Max number of files";"1"
"Tags Categories Keywords";"2"
"Actions";"1"
"Determinant";"1"
"Live view";"1"
"Scripting language";"2"
"MS-DOS version";"1"
"Download acceleration";"1"
"Reference types";"1"
"Metadata/RDS/RBDS";"1"
"Last release date";"2"
"Portable Document Format support";"1"
"sect163r1 (2)[81]";"1"
"AIX";"6"
"Current version";"4"
"OpenSSL compatibility Layer[clarify]";"1"
"AmigaOS";"6"
"Documents";"1"
"Last stable version";"1"
"Germany";"9"
"FalconStor";"1"
"Wireless LAN";"1"
"VB.NET";"1"
"Toolkits or SDKs";"1"
"NDIS";"1"
"Network[1]";"1"
"Indexed color";"1"
"ClearCase";"2"
"Development methodologies";"1"
"Database management software";"1"
"UPnP";"1"
"PKCS #11 device";"1"
"Base Distribution";"1"
"On-demand";"1"
"Yin departing 陰去(3)";"1"
"NAT Port Mapping Protocol";"2"
"MongooseIM";"2"
"Alpha Channel";"1"
"FSF approval [35]";"1"
"IPS : Intrusion prevention system";"1"
"Length size";"1"
"Trim extra blank spaces";"1"
"Release Date";"13"
"Adjust Image (functions)";"1"
"Speed limit on single carriageway (km/h)";"1"
"Ping flood protection";"1"
"iSight/Facetime Camera";"1"
"Edit conflict warning";"1"
"Noise level";"1"
"ALZ";"2"
"Indent paragraph";"2"
"IP source address(es)";"1"
"Measuring of beta radiation and range of energy";"1"
"Year of creation";"1"
"Private use";"1"
"Kernel";"3"
"available as statically linked, independent single file executable";"1"
"ATOM Feeds";"1"
"Engine";"11"
"Tool";"2"
"Altmetrics";"1"
"Photic";"1"
"Text message support";"1"
"TLS 1.1[33]";"1"
"Email security";"3"
"Scripting support";"2"
"1.0";"4"
"Encrypt-then-MAC [179]";"1"
"Based Format";"1"
"left(string,n) returns string";"1"
"Orange (CD-R/CD-RW)";"1"
"IBM i";"1"
"Microphone";"1"
"VMDK (VMware)";"1"
"FFmpeg";"1"
"Alexa ranking";"1"
"ZPAQ";"2"
"RPM";"1"
"edgeHTML";"5"
"eBay listing integration";"1"
"Max Capacity";"1"
"Development Status";"1"
"Extended attributes/ Alternate data streams/ forks";"1"
"Memory protection?";"1"
"RSS feeds";"1"
"Launch Date";"2"
"Type inference";"1"
"Courses[nb 6]";"1"
"Comment";"3"
"Edit meta-data";"1"
"Polish";"1"
"Ceph";"1"
"Compile time buffer checks";"1"
"Comments";"5"
"RFC 5689 WebDAV ext. MKCOL";"1"
"AOT";"1"
"RFC 4918 WebDAV ext.";"1"
"Variants";"1"
"APA";"1"
"OpenRISC";"1"
"Other information";"1"
"format(formatstring, items) returns string";"1"
"API";"2"
"RAID support[a]";"1"
"metadata";"1"
"PostgreSQL";"3"
"ssh";"1"
"Digital downloads";"1"
"Directory structure";"1"
"CAST-128";"1"
"Boolean (nesting levels)";"1"
"ISO 8601 support";"1"
"Resuming";"1"
"Parallel Transfer[13]";"1"
"Fedora approval [44]";"1"
"selection (styles)";"1"
"charAt(string,integer) returns character.";"1"
"User Interface";"2"
"Safe Mode";"3"
"Interfacing";"1"
"Codename";"5"
"Code security";"1"
"Presto";"34"
"ARC";"2"
"RSS";"5"
"Threading and Synchronization";"1"
"ARJ";"2"
"Refactoring support";"1"
"Programming language, toolkit";"1"
"2017[169]";"1"
"ARM";"1"
"Books manage metadata";"1"
"Written in";"5"
"Gigabit Ethernet";"2"
"Other functions";"1"
"RTF";"3"
"Multiple Sessions";"1"
"Cores (number)";"1"
"Package management";"2"
"""classic"" Mac OS";"1"
"PayPal Express";"1"
"Local books";"1"
"Frameline glow?";"1"
"ASF";"3"
"Original operating system";"1"
"Exceptions";"1"
"Tables";"1"
"HMAC-SHA256/384";"1"
"MB/s";"3"
"OpenXPS";"2"
"Hardware players";"1"
"WMS-C";"1"
"GUI-based design";"3"
"Java";"25"
"HD DVD";"1"
"Modifies?";"1"
"Distributed Monitoring";"1"
"Embedded videos";"1"
"NAT64, NPTv6";"1"
"Thrust:weight ratio[f]";"1"
"LaTeX";"1"
"ATA";"1"
".cbr/.cbz";"1"
"Linux1";"1"
"QNX4 FS";"1"
"Minimum driver's age";"1"
"Latest stable release version";"1"
"Multiset";"1"
"Directory Compare";"1"
"Default base index";"1"
"Integrated viewer";"1"
"Win.1";"1"
"Privilege separation";"1"
"Rounds";"1"
"Developer[nb 1]";"1"
"Ido";"4"
"JFS";"1"
"Character casing";"1"
"Specific Supported Hardware";"1"
"Command substitution";"1"
"Batch conversion";"1"
"ARW Sony";"1"
"MAPI";"1"
"Roadmap";"1"
"Programming language";"28"
"AVI";"4"
"Visual SourceSafe";"1"
"ẽ";"1"
"Remote Access: Web (HTTP), Telnet, SSH, RDP, Serial COM RS232, ...";"1"
"Configure REJECT-with answer";"1"
"Environment Trimming";"1"
"Regional, National, International or Federated Connectivity?";"1"
"Driver";"7"
"Speed (km/h)";"2"
"Proxy";"2"
"News";"1"
"Latest Stable Release Date";"1"
"Partition";"1"
"MRSS";"1"
"British";"1"
"Romania";"9"
"Intl. $";"1"
"Skinnable";"1"
"Source code availability";"2"
"DMZ (de-militarized zone)";"1"
"DMARC";"1"
"Latest date*";"1"
"Nvidia free software driver";"1"
"Verdiem Surveyor[7]";"1"
"JIT";"2"
"shuffle3G Firmware";"1"
"Case-preserving";"1"
"Resort name and website";"1"
"Job checkpointing";"1"
"Supported notations";"1"
"DOS COM";"1"
"Minimum orders";"1"
"Michael MIC";"1"
"Histogram";"1"
"First release[nb 2]";"1"
"Copy files over 2 GB limit[1]";"1"
"Platform";"28"
"Open standard";"1"
"Tracks (million)";"1"
"Output format";"1"
"Yin rising 陰上(2)";"1"
"Max DB size";"1"
"Type of device";"1"
"Checksum";"1"
"RFC 5545 rev. iCal (Availability Check)";"1"
"Notable features";"1"
"Operating System";"2"
"Firmware";"1"
"arbitrary prime curves (0xFF01)[81][150]";"1"
"Application-layer load balancer";"1"
"Max columns per row";"1"
"Primary Domain";"1"
"Executable format (also see section below)";"1"
"MPEG4";"1"
"Hardware encryption";"1"
"Edition";"2"
"YouTube";"1"
"Online storage";"1"
"Package";"3"
"Multi-satellite simultaneous launches";"1"
"Unpaywall[41]";"1"
"QuickTime Video Effects in mov";"1"
"Lambda functions";"1"
"ICalendar journals";"1"
"Block journaling";"1"
"Ext JS";"1"
"NAWS[17]";"1"
"Implementation";"20"
"Hulu";"1"
"Mainly Used For";"2"
"Traffic rate-limit / QoS";"1"
"h-index";"1"
"Restricted shell subset";"1"
"Reference";"38"
"ICalendar tasks";"1"
"RealVideo";"1"
"Require free software on registration";"1"
"Smartphone/tablet syncing";"1"
"SCO OpenServer";"1"
"Based on (kernel)";"2"
"Max Blob/Clob size";"1"
"(i)ũ";"1"
"Computer architectures supported";"1"
"Overclock capable";"1"
"Gear width (with external)";"1"
"Session tabs";"1"
"Data Synergy PowerMAN[3]";"1"
"Show lists, artist playlists and charts";"1"
"HTML";"5"
"Compression algorithm";"1"
"Governor term length";"1"
"Lens correction";"1"
"Salsa20";"1"
"PCB editing?";"1"
"ATSC tuner support";"1"
"Supported filesystem";"1"
"sect163k1 NIST K-163 (1)[81]";"1"
"Released";"3"
"User action required";"1"
"Hungary";"9"
"DirectX";"2"
"arbitrary char2 curves (0xFF02)[81][150]";"1"
"Setting";"1"
"StuffIt X";"1"
"FTP Upload";"1"
"Adjust to display size";"1"
"Networkable";"1"
"CR2 Canon";"1"
"Recursion";"1"
"Live migration";"1"
"Intelligent playlists from database (based on criteria)";"1"
".well-known URLs";"1"
"ChromeOS";"2"
"Active";"8"
"Visual query builder";"1"
"Spatial";"1"
"Description/Focus";"1"
"GPL (v3) compatibility [36][37][38][39][40]";"1"
"VUDU";"1"
"Shutdown on play complete";"1"
"Plasma";"1"
"First in line of succession";"1"
"Generic";"1"
"Amiga Unix";"1"
"Tabbed sections";"1"
"Associative arrays";"1"
"Keyboard and mouse";"1"
"Maximum number of guest VM running";"1"
"Command line interface";"1"
"Export to iTunes";"1"
"Access control list";"1"
"Replace in note";"1"
"Cyclic/continuous";"1"
"Forks";"1"
"sparc32";"1"
"Objects identified via";"1"
"Announced";"1"
"File structure view";"1"
"Owner or creator";"1"
"DHCP";"1"
"RFC 7953 iCal VAVAILABILITY";"1"
"TLS Fallback SCSV [180]";"1"
"Integrated toolchain";"2"
"yFiles";"1"
"Threaded";"1"
"Install-time desktop environment or window manager selection";"1"
"Metadata / tags";"1"
"SCM";"1"
"Time Tracking";"1"
"JACK";"1"
"Corner detection";"1"
"SCO";"1"
